longitude,latitude,brightness,scan,track,acq_date,acq_time,satellite,instrument,confidence,version,bright_t31,frp,daynight,type
106.3934,-2.7978,308.9,1.2,1.1,2023-01-10,0629,Aqua,MODIS,54,61.03,284.1,7.1,D,0
106.2399,-2.8695,315.4,1.2,1.1,2023-01-10,0629,Aqua,MODIS,71,61.03,288.2,11.4,D,0
106.5287,-2.7361,308.5,1.2,1.1,2023-01-10,0629,Aqua,MODIS,33,61.03,285.8,6.2,D,0
105.9818,-2.7127,322.1,1.3,1.1,2023-01-10,0629,Aqua,MODIS,72,61.03,276.6,22.7,D,0
106.4522,-2.8622,314.5,1.2,1.1,2023-01-10,0629,Aqua,MODIS,70,61.03,286.1,10.2,D,0
105.9552,-2.6861,312.3,1.3,1.1,2023-01-10,0629,Aqua,MODIS,67,61.03,281.6,10.8,D,0
106.2081,-2.5387,317.9,1.2,1.1,2023-01-10,0629,Aqua,MODIS,71,61.03,284.3,15.6,D,0
106.1973,-2.5402,318.1,1.2,1.1,2023-01-10,0629,Aqua,MODIS,75,61.03,286,15.9,D,0
106.5479,-3.0634,321.3,2,1.4,2023-01-12,0616,Aqua,MODIS,75,61.03,282.5,42.1,D,0
106.5656,-3.0609,326.9,2,1.4,2023-01-12,0616,Aqua,MODIS,73,61.03,284.8,58.3,D,0
106.5602,-3.0585,330,2,1.4,2023-01-12,0616,Aqua,MODIS,83,61.03,285.9,66.4,D,0
105.8822,-1.7842,310.2,2.4,1.5,2023-02-18,0615,Aqua,MODIS,30,61.03,290.3,18.6,D,0
106.1698,-2.4304,314.4,1.2,1.1,2023-02-19,0313,Terra,MODIS,61,61.03,293.9,10.3,D,0
105.2118,-1.9361,318,1,1,2023-03-07,0648,Aqua,MODIS,49,61.03,297,7.5,D,0
106.4639,-2.7645,313.3,1.1,1,2023-03-10,0307,Terra,MODIS,63,61.03,294.1,6.8,D,0
106.4502,-2.729,332.6,1.1,1,2023-03-16,0635,Aqua,MODIS,86,61.03,289.5,30.5,D,0
106.218,-2.4319,324,1.1,1,2023-03-16,0635,Aqua,MODIS,75,61.03,288.3,20.7,D,0
106.6202,-2.627,319.3,1.7,1.3,2023-03-18,0622,Aqua,MODIS,74,61.03,292.1,21.8,D,0
106.1788,-2.46,314.5,1.8,1.3,2023-03-18,0622,Aqua,MODIS,70,61.03,291.2,16.9,D,0
106.6283,-2.6374,315.8,1.7,1.3,2023-03-18,0622,Aqua,MODIS,25,61.03,293.1,13.4,D,0
106.3372,-2.5068,304.5,2,1.4,2023-03-20,0325,Terra,MODIS,38,61.03,277.4,10.2,D,0
105.3995,-1.6503,315.3,1,1,2023-03-22,0308,Terra,MODIS,63,61.03,296.7,5.6,D,0
105.5797,-1.655,353.4,1.1,1,2023-03-23,0637,Aqua,MODIS,97,61.03,294.6,71.3,D,0
105.5784,-1.6456,328.4,1.1,1,2023-03-23,0637,Aqua,MODIS,81,61.03,295.2,20.9,D,0
105.5686,-1.647,330.9,1.1,1,2023-03-23,0637,Aqua,MODIS,83,61.03,295.7,25.2,D,0
105.8625,-2.3254,317.7,1.1,1.1,2023-04-11,0652,Aqua,MODIS,64,61.03,297.8,8.3,D,0
105.6318,-1.8596,317,1.1,1,2023-04-11,0653,Aqua,MODIS,64,61.03,295.2,8.2,D,0
105.419,-1.7993,315.6,1.1,1,2023-04-11,0653,Aqua,MODIS,61,61.03,297.6,7.8,D,0
105.8802,-1.6971,313.8,1.1,1.1,2023-04-11,0653,Aqua,MODIS,59,61.03,295.5,5.3,D,0
106.1311,-2.6557,316.8,1,1,2023-04-13,0639,Aqua,MODIS,52,61.03,285.2,13.6,D,0
105.6662,-1.9868,314.8,1.8,1.3,2023-04-15,0625,Aqua,MODIS,72,61.03,293.5,15.5,D,0
106.3545,-2.9268,315.8,1.2,1.1,2023-04-18,0653,Aqua,MODIS,65,61.03,298,8.2,D,0
105.8675,-2.0057,312.2,3.2,1.7,2023-04-24,0611,Aqua,MODIS,40,61.03,276.9,49.4,D,0
106.86,-2.9395,309.4,1,1,2023-04-27,0639,Aqua,MODIS,61,61.03,289.4,5,D,0
106.3751,-2.6226,311.9,1,1,2023-04-27,0639,Aqua,MODIS,47,61.03,289.9,5.7,D,0
106.2671,-2.7488,312,1.6,1.3,2023-05-02,0318,Terra,MODIS,60,61.03,294.6,9.2,D,0
106.2425,-2.8615,345.9,1.2,1.1,2023-05-02,0653,Aqua,MODIS,93,61.03,299.2,56,D,0
106.0266,-2.2822,324.1,1.1,1.1,2023-05-02,0653,Aqua,MODIS,77,61.03,298.5,15.7,D,0
106.2527,-2.86,315.7,1.2,1.1,2023-05-02,0653,Aqua,MODIS,64,61.03,298.1,6.6,D,0
106.1628,-2.79,316.5,1.1,1.1,2023-05-02,0653,Aqua,MODIS,66,61.03,296.2,7,D,0
105.8409,-2.1577,332,1.1,1,2023-05-04,0639,Aqua,MODIS,84,61.03,295.9,26.8,D,0
106.5063,-2.9087,322.9,1,1,2023-05-11,0639,Aqua,MODIS,77,61.03,296.7,13.9,D,0
106.4971,-2.91,323.8,1,1,2023-05-11,0639,Aqua,MODIS,78,61.03,296.4,14.9,D,0
106.2171,-2.3976,316.7,1,1,2023-05-11,0639,Aqua,MODIS,65,61.03,297.9,6.5,D,0
106.2078,-2.3989,323.8,1,1,2023-05-11,0639,Aqua,MODIS,76,61.03,297.4,14,D,0
105.9612,-2.3227,332,1.1,1,2023-05-11,0639,Aqua,MODIS,84,61.03,297.2,25.6,D,0
105.9517,-2.3241,357.7,1.1,1,2023-05-11,0639,Aqua,MODIS,99,61.03,298.2,79.3,D,0
105.9056,-2.1559,323.8,1.1,1,2023-05-11,0639,Aqua,MODIS,76,61.03,297.6,15.2,D,0
105.9047,-2.0551,315.1,1.1,1,2023-05-11,0639,Aqua,MODIS,62,61.03,297.1,6.7,D,0
105.9684,-2.0095,323.9,1.1,1,2023-05-11,0639,Aqua,MODIS,77,61.03,297.3,15.3,D,0
105.8432,-2.0088,316.3,1.1,1,2023-05-11,0639,Aqua,MODIS,66,61.03,296.1,8.4,D,0
105.9161,-1.9796,319.4,1.1,1,2023-05-11,0639,Aqua,MODIS,71,61.03,296,10.7,D,0
106.3164,-2.7818,315.2,1.7,1.3,2023-05-13,0625,Aqua,MODIS,55,61.03,292.3,18.8,D,0
105.7473,-1.9578,312,1.8,1.3,2023-05-13,0625,Aqua,MODIS,60,61.03,292.4,15.5,D,0
106.4981,-2.7537,310.9,1.7,1.3,2023-05-26,0318,Terra,MODIS,51,61.03,292,12.5,D,0
106.5134,-2.7559,312.9,1.7,1.3,2023-05-26,0318,Terra,MODIS,64,61.03,292,16.1,D,0
106.4953,-2.8739,314.2,1.8,1.3,2023-06-03,0624,Aqua,MODIS,22,61.03,292.4,13.7,D,0
106.4795,-2.8761,321.5,1.8,1.3,2023-06-03,0624,Aqua,MODIS,78,61.03,293.8,29.5,D,0
106.4908,-2.8785,322,1.8,1.3,2023-06-03,0624,Aqua,MODIS,74,61.03,293.2,32.8,D,0
106.4751,-2.8808,313.8,1.8,1.3,2023-06-03,0624,Aqua,MODIS,69,61.03,293.9,15.9,D,0
106.3503,-2.8028,315,1.8,1.3,2023-06-03,0624,Aqua,MODIS,71,61.03,283.9,25,D,0
106.3602,-2.8052,306.1,1.8,1.3,2023-06-03,0624,Aqua,MODIS,31,61.03,282.3,11.2,D,0
106.3441,-2.8076,311.1,1.8,1.3,2023-06-03,0624,Aqua,MODIS,65,61.03,284.2,19.2,D,0
105.6057,-2.0627,317.1,1.6,1.2,2023-06-11,0705,Aqua,MODIS,68,61.03,296.3,16.5,D,0
106.1778,-2.352,314.8,1.1,1,2023-06-13,0651,Aqua,MODIS,66,61.03,296.9,6.2,D,0
106.0222,-2.1532,314.6,1,1,2023-06-13,0651,Aqua,MODIS,61,61.03,297,5.8,D,0
106.0129,-2.1545,318.2,1,1,2023-06-13,0651,Aqua,MODIS,69,61.03,295.6,9,D,0
105.9125,-2.095,327.5,1,1,2023-06-13,0651,Aqua,MODIS,81,61.03,296.3,19.4,D,0
105.9033,-2.0963,321.3,1,1,2023-06-13,0651,Aqua,MODIS,74,61.03,297.1,12.5,D,0
105.8437,-1.7272,316.1,1,1,2023-06-13,0651,Aqua,MODIS,66,61.03,297.2,7.9,D,0
105.6011,-1.6433,320.5,1,1,2023-06-13,0651,Aqua,MODIS,75,61.03,297.7,10.4,D,0
105.9942,-1.7378,311.6,1.1,1.1,2023-06-15,0637,Aqua,MODIS,37,61.03,289.3,5.6,D,0
105.4782,-1.622,305.1,1.1,1.1,2023-06-18,1456,Terra,MODIS,62,61.03,292.4,5.4,N,0
105.4882,-1.6206,306.6,1.1,1.1,2023-06-18,1456,Terra,MODIS,68,61.03,292.4,6.5,N,0
106.2224,-2.6112,313.7,1.2,1.1,2023-06-22,0636,Aqua,MODIS,61,61.03,299,6.5,D,0
106.0663,-2.43,313.8,1.2,1.1,2023-06-22,0636,Aqua,MODIS,58,61.03,297.7,6.8,D,0
106.0012,-2.285,320.8,1.2,1.1,2023-06-22,0636,Aqua,MODIS,73,61.03,298.7,14.5,D,0
105.9906,-2.2866,322.5,1.2,1.1,2023-06-22,0636,Aqua,MODIS,75,61.03,299.3,17.2,D,0
106.0691,-2.4494,312.7,1.2,1.1,2023-06-22,0636,Aqua,MODIS,38,61.03,296.7,6.5,D,0
105.712,-2.0014,312.4,1.2,1.1,2023-06-22,0636,Aqua,MODIS,58,61.03,297.6,6.9,D,0
105.7011,-2.0029,312.2,1.2,1.1,2023-06-22,0636,Aqua,MODIS,58,61.03,297.8,6.5,D,0
105.4706,-1.8214,309.4,1.3,1.1,2023-06-22,0636,Aqua,MODIS,20,61.03,293.7,3.9,D,0
106.0257,-2.5957,314.1,2.2,1.4,2023-06-24,0622,Aqua,MODIS,67,61.03,296.7,24.7,D,0
106.2167,-2.3983,314.5,2.1,1.4,2023-06-24,0622,Aqua,MODIS,61,61.03,299.2,18.1,D,0
106.1205,-2.3324,313.5,1,1,2023-06-27,0650,Aqua,MODIS,58,61.03,294.5,7.1,D,0
105.9542,-2.3097,312.3,1,1,2023-06-27,0650,Aqua,MODIS,37,61.03,295.4,5.2,D,0
105.9453,-2.311,319.8,1,1,2023-06-27,0650,Aqua,MODIS,73,61.03,294.8,11.8,D,0
105.867,-2.2766,328.3,1,1,2023-06-27,0650,Aqua,MODIS,82,61.03,295.9,20.1,D,0
105.6176,-1.8984,328.2,1,1,2023-06-27,0650,Aqua,MODIS,82,61.03,296.1,19.2,D,0
105.6464,-1.829,313.2,1,1,2023-06-27,0650,Aqua,MODIS,46,61.03,293.7,5.2,D,0
107.5882,-2.9872,312.1,1.1,1,2023-06-29,0635,Aqua,MODIS,52,61.03,296.1,5.2,D,0
107.5976,-2.9858,315.2,1.1,1,2023-06-29,0635,Aqua,MODIS,63,61.03,296.3,7.9,D,0
106.0155,-2.1424,313.8,1,1,2023-07-04,0649,Aqua,MODIS,59,61.03,297.2,5.1,D,0
106.0066,-2.1437,321.3,1,1,2023-07-04,0649,Aqua,MODIS,74,61.03,297.8,12.1,D,0
105.8669,-1.7039,314.3,1,1,2023-07-04,0649,Aqua,MODIS,59,61.03,297.5,5.3,D,0
105.8307,-1.6255,317.2,1,1,2023-07-04,0649,Aqua,MODIS,67,61.03,297.9,7.3,D,0
106.8129,-2.9938,311.9,1.2,1.1,2023-07-13,0633,Aqua,MODIS,64,61.03,292.4,8.8,D,0
106.8263,-2.9315,324.9,1.2,1.1,2023-07-13,0633,Aqua,MODIS,81,61.03,292.7,24.6,D,0
106.3425,-2.6114,317,1.3,1.1,2023-07-13,0633,Aqua,MODIS,70,61.03,295.8,11.5,D,0
106.2147,-2.5972,311.8,1.4,1.2,2023-07-16,0701,Aqua,MODIS,53,61.03,292.5,6.4,D,0
106.8186,-2.9197,309.8,2.6,1.5,2023-07-18,0323,Terra,MODIS,50,61.03,292.8,18.8,D,0
106.4706,-2.8355,318.3,1,1,2023-07-18,0647,Aqua,MODIS,72,61.03,293.3,10.8,D,0
106.4794,-2.8342,317.8,1,1,2023-07-18,0647,Aqua,MODIS,71,61.03,291.3,9.6,D,0
105.4677,-1.7922,323.8,1,1,2023-07-18,0647,Aqua,MODIS,76,61.03,296,15.7,D,0
105.509,-2.0341,327.3,1.2,1.1,2023-07-23,0700,Aqua,MODIS,80,61.03,296.4,24.6,D,0
105.4985,-2.0356,339.4,1.2,1.1,2023-07-23,0700,Aqua,MODIS,89,61.03,297.4,46.1,D,0
105.4503,-1.6224,314.4,1.2,1.1,2023-07-23,0700,Aqua,MODIS,38,61.03,293.2,8.8,D,0
106.3985,-2.6412,312.7,1,1,2023-07-25,0645,Aqua,MODIS,53,61.03,292.2,6,D,0
106.6217,-2.6181,316.8,1,1,2023-07-25,0645,Aqua,MODIS,67,61.03,296.9,7.7,D,0
105.7785,-2.0668,314.6,1,1,2023-07-25,0646,Aqua,MODIS,59,61.03,298,5.2,D,0
105.6214,-1.896,331.5,1,1,2023-07-25,0646,Aqua,MODIS,84,61.03,299.2,22.8,D,0
105.6123,-1.8973,337.7,1,1,2023-07-25,0646,Aqua,MODIS,88,61.03,299.4,32.5,D,0
105.5768,-1.8845,315,1,1,2023-07-25,0646,Aqua,MODIS,62,61.03,298.1,5.8,D,0
105.6663,-1.8623,326.5,1,1,2023-07-25,0646,Aqua,MODIS,79,61.03,298.2,16.8,D,0
105.6559,-1.8546,315.2,1,1,2023-07-25,0646,Aqua,MODIS,58,61.03,297.6,4.9,D,0
105.6999,-1.8391,325.9,1,1,2023-07-25,0646,Aqua,MODIS,79,61.03,297,17.1,D,0
105.9504,-1.7938,326.2,1,1,2023-07-25,0646,Aqua,MODIS,79,61.03,294.2,19.3,D,0
105.4567,-1.828,325.3,1,1,2023-07-25,0646,Aqua,MODIS,78,61.03,298.1,16.6,D,0
105.6469,-1.8559,325.5,1,1,2023-07-25,0646,Aqua,MODIS,78,61.03,298.6,15.5,D,0
105.8625,-2.1566,314.9,1,1,2023-07-25,0646,Aqua,MODIS,53,61.03,292.5,9,D,0
105.8535,-2.1579,318.2,1,1,2023-07-25,0646,Aqua,MODIS,69,61.03,295,12.4,D,0
106.8099,-2.9927,301.9,1.9,1.4,2023-07-26,1436,Terra,MODIS,45,61.03,291.7,8,N,0
105.5653,-1.5746,324.6,1,1,2023-07-27,0257,Terra,MODIS,79,61.03,296.3,16.7,D,0
106.2696,-2.4937,312.3,1.5,1.2,2023-07-27,0631,Aqua,MODIS,54,61.03,296.4,9,D,0
106.3458,-2.8126,310.1,1.5,1.2,2023-07-27,0631,Aqua,MODIS,46,61.03,294.1,9.1,D,0
106.3326,-2.8145,317.3,1.5,1.2,2023-07-27,0631,Aqua,MODIS,70,61.03,294.5,19.3,D,0
106.1531,-2.7962,313.2,1.5,1.2,2023-07-27,0631,Aqua,MODIS,62,61.03,296.7,10.3,D,0
105.9658,-2.6978,318.2,1.6,1.2,2023-07-27,0631,Aqua,MODIS,71,61.03,295.2,20,D,0
105.9729,-2.6942,314.3,1.6,1.2,2023-07-27,0631,Aqua,MODIS,64,61.03,295.3,12.2,D,0
105.9589,-2.6963,315.9,1.6,1.2,2023-07-27,0631,Aqua,MODIS,67,61.03,295.3,15,D,0
106.4786,-2.534,324.4,1.4,1.2,2023-07-27,0631,Aqua,MODIS,78,61.03,296.5,25.4,D,0
105.9747,-2.5466,312.3,1.6,1.2,2023-07-27,0631,Aqua,MODIS,59,61.03,296.4,9.6,D,0
105.9212,-2.417,331.1,1.6,1.2,2023-07-27,0631,Aqua,MODIS,80,61.03,296.1,43.8,D,0
105.9296,-2.4141,323.4,1.6,1.2,2023-07-27,0631,Aqua,MODIS,78,61.03,296,28.9,D,0
105.9158,-2.4162,319.9,1.6,1.2,2023-07-27,0631,Aqua,MODIS,74,61.03,295.7,22.2,D,0
105.8545,-2.3327,315.3,1.6,1.2,2023-07-27,0631,Aqua,MODIS,68,61.03,295.8,15.4,D,0
105.7974,-2.0546,320.6,1.6,1.2,2023-07-27,0631,Aqua,MODIS,76,61.03,296,22.3,D,0
105.7819,-2.0456,313.9,1.6,1.2,2023-07-27,0631,Aqua,MODIS,46,61.03,296,10,D,0
105.6481,-2.0195,313.2,1.6,1.3,2023-07-27,0631,Aqua,MODIS,65,61.03,296,10.3,D,0
105.519,-1.9913,319.3,1.7,1.3,2023-07-27,0631,Aqua,MODIS,74,61.03,296,22.6,D,0
105.5044,-1.9934,357.1,1.7,1.3,2023-07-27,0631,Aqua,MODIS,98,61.03,297.6,152.4,D,0
105.7014,-1.931,312.5,1.6,1.2,2023-07-27,0631,Aqua,MODIS,59,61.03,293.4,9.9,D,0
105.5997,-1.934,341.5,1.6,1.3,2023-07-27,0631,Aqua,MODIS,91,61.03,297.1,78.2,D,0
105.5853,-1.936,316.5,1.6,1.3,2023-07-27,0631,Aqua,MODIS,70,61.03,296.8,14.3,D,0
105.6413,-1.9168,323.3,1.6,1.3,2023-07-27,0631,Aqua,MODIS,79,61.03,296.4,28,D,0
105.6269,-1.9188,315.7,1.6,1.3,2023-07-27,0631,Aqua,MODIS,69,61.03,296.5,13.2,D,0
105.6359,-1.9172,328.2,1.6,1.3,2023-07-27,0631,Aqua,MODIS,83,61.03,296.6,37.1,D,0
105.6455,-1.8817,312.7,1.6,1.2,2023-07-27,0631,Aqua,MODIS,36,61.03,294.8,11.1,D,0
105.4211,-1.8103,325.8,1.7,1.3,2023-07-27,0631,Aqua,MODIS,81,61.03,295.6,36.8,D,0
105.9932,-2.687,311.7,3,1.7,2023-07-29,0617,Aqua,MODIS,51,61.03,287.7,40.6,D,0
105.986,-2.6864,314.6,3,1.7,2023-07-29,0617,Aqua,MODIS,61,61.03,288,52.7,D,0
105.6507,-1.9748000000000001,335.4,3.1,1.7,2023-07-29,0617,Aqua,MODIS,82,61.03,290,162.2,D,0
105.644,-1.9755,329.4,3.1,1.7,2023-07-29,0617,Aqua,MODIS,78,61.03,290.5,123.2,D,0
106.0965,-2.5373,316.8,1.2,1.1,2023-07-30,0659,Aqua,MODIS,68,61.03,299.5,10.2,D,0
106.0266,-2.4745,315.9,1.2,1.1,2023-07-30,0659,Aqua,MODIS,65,61.03,298.2,9,D,0
105.97,-2.4533,318.8,1.2,1.1,2023-07-30,0659,Aqua,MODIS,70,61.03,298.7,11.9,D,0
106.115,-2.2774,315.8,1.2,1.1,2023-07-30,0659,Aqua,MODIS,64,61.03,296.8,9.3,D,0
105.8511,-2.3063,341.5,1.2,1.1,2023-07-30,0659,Aqua,MODIS,91,61.03,299.9,47.9,D,0
105.8408,-2.3079,317.5,1.2,1.1,2023-07-30,0659,Aqua,MODIS,59,61.03,297.8,9.1,D,0
105.8753,-2.2212,328.6,1.2,1.1,2023-07-30,0659,Aqua,MODIS,81,61.03,297.3,24.7,D,0
105.9994,-2.1931,324,1.2,1.1,2023-07-30,0659,Aqua,MODIS,77,61.03,295.5,19.9,D,0
105.8843,-2.2101,316.3,1.2,1.1,2023-07-30,0659,Aqua,MODIS,41,61.03,297.1,8.4,D,0
105.8739,-2.2116,350.7,1.2,1.1,2023-07-30,0659,Aqua,MODIS,95,61.03,296.7,71.6,D,0
105.9255,-2.1013,327.1,1.2,1.1,2023-07-30,0659,Aqua,MODIS,80,61.03,298.9,22.7,D,0
105.9241,-2.0917,326.7,1.2,1.1,2023-07-30,0659,Aqua,MODIS,79,61.03,297.1,22.5,D,0
105.7033,-1.9694,328.3,1.2,1.1,2023-07-30,0659,Aqua,MODIS,76,61.03,299.1,22.3,D,0
105.7019,-1.9599,348.9,1.2,1.1,2023-07-30,0659,Aqua,MODIS,95,61.03,295.4,63.3,D,0
105.8127,-1.8915,311.9,1.2,1.1,2023-07-30,0659,Aqua,MODIS,48,61.03,294.4,5.4,D,0
105.5453,-1.9204,317.2,1.1,1.1,2023-07-30,0659,Aqua,MODIS,67,61.03,296.9,8.7,D,0
105.635,-1.8977,323,1.1,1.1,2023-07-30,0659,Aqua,MODIS,70,61.03,299.2,16.1,D,0
105.1939,-1.9334,331.6,1.1,1,2023-07-30,0659,Aqua,MODIS,84,61.03,299.3,26,D,0
105.6893,-1.8411,326.4,1.2,1.1,2023-07-30,0659,Aqua,MODIS,79,61.03,299.4,19.1,D,0
105.6923,-1.8356,318.4,1.2,1.1,2023-07-30,0659,Aqua,MODIS,69,61.03,298.9,10.9,D,0
105.682,-1.8371,319.7,1.2,1.1,2023-07-30,0659,Aqua,MODIS,71,61.03,298.8,12.3,D,0
105.804,-1.6988,318.4,1.2,1.1,2023-07-30,0659,Aqua,MODIS,69,61.03,300.6,10.3,D,0
105.7849,-1.8914,316.4,1.1,1,2023-08-01,0305,Terra,MODIS,69,61.03,295.2,10.8,D,0
106.0111,-1.6614,315,1,1,2023-08-01,0644,Aqua,MODIS,38,61.03,298.1,5.3,D,0
106.5925,-2.7564,320.7,1,1,2023-08-01,0644,Aqua,MODIS,64,61.03,295.7,13.1,D,0
106.1458,-2.7019,317,1,1,2023-08-01,0644,Aqua,MODIS,63,61.03,290.8,9.8,D,0
106.0924,-2.5708,375.8,1,1,2023-08-01,0644,Aqua,MODIS,100,61.03,299,135.4,D,0
106.0832,-2.5722,316.9,1,1,2023-08-01,0644,Aqua,MODIS,63,61.03,296,8,D,0
106.0399,-2.2468,328,1,1,2023-08-01,0644,Aqua,MODIS,81,61.03,298.1,20.5,D,0
105.9415,-2.1232,319.8,1,1,2023-08-01,0644,Aqua,MODIS,71,61.03,296.1,11.8,D,0
105.7349,-2.0149,322.3,1,1,2023-08-01,0644,Aqua,MODIS,70,61.03,292.9,16.1,D,0
105.3396,-2.0719,321.4,1.1,1,2023-08-01,0644,Aqua,MODIS,74,61.03,296.9,13.1,D,0
105.5501,-1.9676,327.4,1.1,1,2023-08-01,0644,Aqua,MODIS,80,61.03,296.7,20.9,D,0
105.5407,-1.9689,321.3,1.1,1,2023-08-01,0644,Aqua,MODIS,74,61.03,295.9,13.9,D,0
105.7379,-1.8847,314.2,1,1,2023-08-01,0644,Aqua,MODIS,41,61.03,297,6,D,0
105.6558,-1.8793,321.4,1.1,1,2023-08-01,0644,Aqua,MODIS,74,61.03,294.6,13.9,D,0
105.6465,-1.8806,317.5,1.1,1,2023-08-01,0644,Aqua,MODIS,60,61.03,297.4,9.8,D,0
105.2206,-1.9427,320.5,1.1,1,2023-08-01,0644,Aqua,MODIS,44,61.03,299.2,10.8,D,0
105.2192,-1.9334,323.2,1.1,1,2023-08-01,0644,Aqua,MODIS,71,61.03,297.6,14.1,D,0
105.6718,-1.7933,342.7,1,1,2023-08-01,0644,Aqua,MODIS,91,61.03,297.4,43.3,D,0
106.3838,-2.7731,308.2,1.6,1.2,2023-08-03,0630,Aqua,MODIS,37,61.03,290.5,10.3,D,0
106.1916,-2.3994,318.4,1.6,1.2,2023-08-03,0630,Aqua,MODIS,75,61.03,294.6,18.8,D,0
105.6302,-2.0038,314.3,1.9,1.3,2023-08-04,0712,Aqua,MODIS,44,61.03,294.6,12.8,D,0
105.6135,-2.0063,313.9,1.9,1.3,2023-08-04,0712,Aqua,MODIS,38,61.03,294.6,11.9,D,0
105.3713,-1.9873,316.7,1.8,1.3,2023-08-04,0712,Aqua,MODIS,65,61.03,293.7,17.9,D,0
106.3689,-2.7648,307.1,1.1,1,2023-08-05,1452,Terra,MODIS,69,61.03,294.1,7.2,N,0
106.0192,-2.1559,320.8,1.1,1.1,2023-08-06,0657,Aqua,MODIS,73,61.03,298.6,12.5,D,0
106.0092,-2.1574,321,1.1,1.1,2023-08-06,0657,Aqua,MODIS,73,61.03,297.9,13.1,D,0
105.8935,-2.0093,340.7,1.1,1.1,2023-08-06,0657,Aqua,MODIS,78,61.03,294.3,45.8,D,0
105.6902,-1.9665,324.6,1.1,1,2023-08-06,0657,Aqua,MODIS,77,61.03,294.4,17.9,D,0
105.6805,-1.9679,324.2,1.1,1,2023-08-06,0657,Aqua,MODIS,77,61.03,293.2,17.5,D,0
105.6125,-1.9778,326.8,1.1,1,2023-08-06,0657,Aqua,MODIS,69,61.03,294.1,21.2,D,0
105.6195,-1.9578,313.1,1.1,1,2023-08-06,0657,Aqua,MODIS,54,61.03,292.2,7.4,D,0
106.71,-3.0738,314.1,1,1,2023-08-08,0257,Terra,MODIS,51,61.03,295.5,6.9,D,0
106.7065,-3.079,318.6,1,1,2023-08-08,0643,Aqua,MODIS,0,61.03,296.6,10.5,D,0
106.8695,-2.972,318.3,1,1,2023-08-08,0643,Aqua,MODIS,70,61.03,297.1,10.1,D,0
106.8605,-2.9733,316.4,1,1,2023-08-08,0643,Aqua,MODIS,67,61.03,297.1,8.4,D,0
106.4396,-2.8497,321.2,1,1,2023-08-08,0643,Aqua,MODIS,76,61.03,297.8,12.8,D,0
106.4304,-2.851,314.2,1,1,2023-08-08,0643,Aqua,MODIS,65,61.03,297,6.2,D,0
106.4121,-2.5871,316.1,1,1,2023-08-08,0643,Aqua,MODIS,68,61.03,298.5,5.4,D,0
105.7858,-2.0602,314,1.1,1,2023-08-08,0643,Aqua,MODIS,55,61.03,295.9,7.9,D,0
105.9341,-2.043,317,1.8,1.3,2023-08-10,0628,Aqua,MODIS,71,61.03,297,18.8,D,0
106.1592,-2.8006,316.2,1.8,1.3,2023-08-10,0628,Aqua,MODIS,39,61.03,296.7,16.1,D,0
106.1687,-2.791,315.4,1.8,1.3,2023-08-10,0628,Aqua,MODIS,67,61.03,296.3,15.7,D,0
106.153,-2.7933,315.7,1.8,1.3,2023-08-10,0628,Aqua,MODIS,66,61.03,296.4,16.9,D,0
106.2959,-2.6216,321.8,1.7,1.3,2023-08-10,0628,Aqua,MODIS,76,61.03,297,28.2,D,0
106.2807,-2.6237,321.6,1.7,1.3,2023-08-10,0628,Aqua,MODIS,75,61.03,296.2,28.1,D,0
105.95,-2.0407,317.2,1.8,1.3,2023-08-10,0628,Aqua,MODIS,72,61.03,296.7,18.9,D,0
105.7568,-1.921,315.5,1.8,1.3,2023-08-10,0628,Aqua,MODIS,69,61.03,297.8,17.1,D,0
105.6431,-1.7601,319.9,1.9,1.3,2023-08-10,0629,Aqua,MODIS,72,61.03,297.3,25.1,D,0
105.6346,-1.8901,318.7,1.9,1.3,2023-08-10,0629,Aqua,MODIS,74,61.03,296.2,22.4,D,0
105.639,-1.7667,320.4,1.9,1.3,2023-08-10,0629,Aqua,MODIS,77,61.03,296.7,27.8,D,0
106.0937,-2.5925,333.4,1.9,1.3,2023-08-11,0710,Aqua,MODIS,64,61.03,280.6,79.6,D,0
105.8681,-2.1108,330.7,1.8,1.3,2023-08-11,0710,Aqua,MODIS,81,61.03,295,48.5,D,0
105.7751,-1.9618,313.9,1.8,1.3,2023-08-11,0710,Aqua,MODIS,37,61.03,296.9,11.9,D,0
105.541,-1.9275,333.1,1.7,1.3,2023-08-11,0710,Aqua,MODIS,85,61.03,299.1,53.4,D,0
105.5733,-1.867,315.2,1.7,1.3,2023-08-11,0710,Aqua,MODIS,36,61.03,297,13.1,D,0
105.4435,-1.8276,323.8,1.7,1.3,2023-08-11,0710,Aqua,MODIS,76,61.03,299.1,28.5,D,0
105.5633,-1.7405,317.8,1.7,1.3,2023-08-11,0710,Aqua,MODIS,56,61.03,296.9,17,D,0
105.6179,-2.03,315.5,3.7,1.8,2023-08-12,0614,Aqua,MODIS,64,61.03,294,55.5,D,0
105.5364,-1.7776,311.4,3.8,1.8,2023-08-12,0614,Aqua,MODIS,36,61.03,292.7,30.6,D,0
105.5276,-1.7694,313.6,3.8,1.8,2023-08-12,0614,Aqua,MODIS,59,61.03,292.3,45,D,0
105.8767,-2.1129,323.6,1.1,1,2023-08-13,0656,Aqua,MODIS,52,61.03,292.5,18.6,D,0
105.7661,-2.082,313.6,1.1,1,2023-08-13,0656,Aqua,MODIS,55,61.03,292.6,7,D,0
105.7504,-2.0196,360.9,1.1,1,2023-08-13,0656,Aqua,MODIS,100,61.03,298.7,89.1,D,0
105.741,-2.021,315.8,1.1,1,2023-08-13,0656,Aqua,MODIS,64,61.03,297.3,7.3,D,0
105.634,-2.0085,321.1,1.1,1,2023-08-13,0656,Aqua,MODIS,73,61.03,291.1,13.2,D,0
105.6487,-1.9784,313.6,1.1,1,2023-08-13,0656,Aqua,MODIS,57,61.03,292.5,5.8,D,0
105.3531,-2.0216,336.7,1,1,2023-08-13,0656,Aqua,MODIS,88,61.03,295.4,33.8,D,0
105.5251,-1.9514,313.5,1,1,2023-08-13,0656,Aqua,MODIS,52,61.03,296.2,5.9,D,0
105.5158,-1.9528,312.2,1,1,2023-08-13,0656,Aqua,MODIS,40,61.03,295.3,5,D,0
105.5582,-1.9188,335.2,1,1,2023-08-13,0656,Aqua,MODIS,87,61.03,294.6,30.8,D,0
105.5489,-1.9201,337.1,1,1,2023-08-13,0656,Aqua,MODIS,88,61.03,294.2,34.5,D,0
105.5396,-1.9215,311.8,1,1,2023-08-13,0656,Aqua,MODIS,27,61.03,292.4,4.6,D,0
105.2992,-1.9472,311.2,1,1,2023-08-13,0656,Aqua,MODIS,28,61.03,288,3.7,D,0
105.4233,-1.7911,313.1,1,1,2023-08-13,0656,Aqua,MODIS,54,61.03,295.1,5.1,D,0
105.4986,-1.7245,326.4,1,1,2023-08-13,0656,Aqua,MODIS,79,61.03,294.8,18.8,D,0
105.4338,-1.6505,323.1,1,1,2023-08-13,0656,Aqua,MODIS,75,61.03,300.8,11.9,D,0
106.1595,-2.4025,315.4,1.1,1.1,2023-08-15,0248,Terra,MODIS,59,61.03,290,10.7,D,0
106.1106,-2.7043,321.4,1.1,1.1,2023-08-15,0641,Aqua,MODIS,52,61.03,298,12.9,D,0
106.5338,-2.7933,363.8,1.1,1,2023-08-15,0641,Aqua,MODIS,100,61.03,282.5,104.4,D,0
106.1205,-2.7029,346.4,1.1,1.1,2023-08-15,0641,Aqua,MODIS,94,61.03,296.9,54.8,D,0
106.0117,-2.7183,359.7,1.1,1.1,2023-08-15,0641,Aqua,MODIS,99,61.03,299.6,93.2,D,0
106.124,-2.6968,318.4,1.1,1,2023-08-15,0641,Aqua,MODIS,71,61.03,295.5,10.9,D,0
106.1142,-2.6982,322.8,1.1,1.1,2023-08-15,0641,Aqua,MODIS,76,61.03,297.1,16.1,D,0
106.0154,-2.7126,338,1.1,1.1,2023-08-15,0641,Aqua,MODIS,89,61.03,298.4,40,D,0
106.0055,-2.714,331.6,1.1,1.1,2023-08-15,0641,Aqua,MODIS,84,61.03,298.9,28.5,D,0
105.9843,-2.7075,318.3,1.1,1.1,2023-08-15,0641,Aqua,MODIS,71,61.03,297.9,11.4,D,0
106.2135,-2.5342,314.8,1.1,1,2023-08-15,0641,Aqua,MODIS,54,61.03,295,7.2,D,0
106.2039,-2.5356,327.4,1.1,1,2023-08-15,0641,Aqua,MODIS,81,61.03,297.2,21.7,D,0
105.8194,-2.1692,327.3,1.1,1.1,2023-08-15,0641,Aqua,MODIS,80,61.03,295.7,24.2,D,0
105.7697,-2.0838,317.1,1.1,1.1,2023-08-15,0641,Aqua,MODIS,67,61.03,291.7,13.1,D,0
105.4119,-2.0343,319.5,1.2,1.1,2023-08-15,0641,Aqua,MODIS,73,61.03,293.9,12.7,D,0
105.4015,-2.0358,322.3,1.2,1.1,2023-08-15,0641,Aqua,MODIS,77,61.03,295.4,16.4,D,0
105.5618,-1.9737,319.1,1.2,1.1,2023-08-15,0641,Aqua,MODIS,73,61.03,290.5,13.8,D,0
105.3991,-1.8815,317.7,1.2,1.1,2023-08-15,0641,Aqua,MODIS,56,61.03,295.8,11.6,D,0
106.0044,-1.6434,320.4,1.1,1,2023-08-15,0641,Aqua,MODIS,69,61.03,298.3,12.3,D,0
105.3123,-1.9297,316.3,2.2,1.4,2023-08-17,0627,Aqua,MODIS,70,61.03,294.1,24.9,D,0
107.5828,-3.0336,317.4,1.5,1.2,2023-08-17,0627,Aqua,MODIS,0,61.03,297,15.1,D,0
106.1721,-2.6594,310.3,1.9,1.4,2023-08-17,0627,Aqua,MODIS,46,61.03,290.3,11,D,0
106.1551,-2.6618,311.1,1.9,1.4,2023-08-17,0627,Aqua,MODIS,48,61.03,291.9,13.3,D,0
105.3073,-1.9305,316.9,2.2,1.4,2023-08-17,0627,Aqua,MODIS,70,61.03,294.4,26.5,D,0
106.0719,-2.6185,314.2,2,1.4,2023-08-17,0627,Aqua,MODIS,55,61.03,293,18.5,D,0
106.4336,-2.6783,312.2,2.1,1.4,2023-08-19,1434,Terra,MODIS,84,61.03,290.9,27.5,N,0
106.0231,-1.8339,315.1,1,1,2023-08-20,0256,Terra,MODIS,60,61.03,296.6,5.3,D,0
106.4939,-2.5842,329.5,1,1,2023-08-20,0256,Terra,MODIS,82,61.03,297.5,20.9,D,0
106.3883,-2.8135,318.1,1.1,1,2023-08-20,0654,Aqua,MODIS,63,61.03,296,10.2,D,0
106.2377,-2.8914,327.9,1,1,2023-08-20,0654,Aqua,MODIS,0,61.03,297.4,19.4,D,0
106.1651,-2.8277,320.9,1,1,2023-08-20,0654,Aqua,MODIS,72,61.03,298.2,10.5,D,0
106.1558,-2.8291,345.9,1,1,2023-08-20,0654,Aqua,MODIS,93,61.03,299.4,48.2,D,0
106.3203,-2.6952,315.9,1.1,1,2023-08-20,0654,Aqua,MODIS,38,61.03,296.7,6.5,D,0
106.1793,-2.6229,321.6,1,1,2023-08-20,0654,Aqua,MODIS,55,61.03,292.3,14.1,D,0
106.0434,-2.5963,327.3,1,1,2023-08-20,0654,Aqua,MODIS,79,61.03,297.3,18.5,D,0
105.6445,-1.8992,331.4,1,1,2023-08-20,0654,Aqua,MODIS,83,61.03,291.9,24.4,D,0
105.6354,-1.9005,324,1,1,2023-08-20,0654,Aqua,MODIS,76,61.03,292.1,14.2,D,0
105.6173,-1.9031,324.4,1,1,2023-08-20,0654,Aqua,MODIS,61,61.03,295,14.4,D,0
105.5528,-1.9033,316.4,1,1,2023-08-20,0654,Aqua,MODIS,61,61.03,297.3,5.9,D,0
105.5437,-1.9046,315.6,1,1,2023-08-20,0654,Aqua,MODIS,62,61.03,297.3,5.3,D,0
105.5682,-1.8827,339.7,1,1,2023-08-20,0654,Aqua,MODIS,89,61.03,295.9,34.8,D,0
105.5592,-1.884,326.1,1,1,2023-08-20,0654,Aqua,MODIS,79,61.03,295.5,15.3,D,0
106.4106,-2.6566,314.5,1.1,1.1,2023-08-22,0639,Aqua,MODIS,49,61.03,294.9,6.1,D,0
106.5081,-2.8266,321.7,1.1,1.1,2023-08-22,0639,Aqua,MODIS,69,61.03,305.5,11.2,D,0
106.2936,-2.8384,313.1,1.2,1.1,2023-08-22,0639,Aqua,MODIS,57,61.03,293.5,10.1,D,0
106.1517,-2.8001,317.1,1.2,1.1,2023-08-22,0639,Aqua,MODIS,68,61.03,299.8,8.6,D,0
105.8663,-2.012,321.9,1.2,1.1,2023-08-22,0640,Aqua,MODIS,75,61.03,298.7,15.7,D,0
106.0957,-2.2951,314.2,1.2,1.1,2023-08-22,0640,Aqua,MODIS,60,61.03,299,6.1,D,0
105.8632,-2.2063,345.7,1.2,1.1,2023-08-22,0640,Aqua,MODIS,93,61.03,299,61.1,D,0
105.8526,-2.2078,343.4,1.2,1.1,2023-08-22,0640,Aqua,MODIS,92,61.03,298.6,56.1,D,0
105.8767,-2.0105,322.3,1.2,1.1,2023-08-22,0640,Aqua,MODIS,76,61.03,298.9,15.8,D,0
105.8904,-1.9958,314.5,1.2,1.1,2023-08-22,0640,Aqua,MODIS,63,61.03,296.7,7.9,D,0
106.7018,-3.022,310.8,1,1,2023-08-22,1459,Terra,MODIS,81,61.03,294.8,7.9,N,0
106.7005,-3.0131,304.2,1,1,2023-08-22,1459,Terra,MODIS,27,61.03,293.9,3.6,N,0
105.554,-1.6433,314.2,2.3,1.5,2023-08-24,0625,Aqua,MODIS,57,61.03,291,22.1,D,0
105.9539,-1.7765,304.5,1.5,1.2,2023-08-24,1442,Terra,MODIS,60,61.03,291.6,8.2,N,0
106.8248,-2.9569,318.5,1.2,1.1,2023-08-25,0304,Terra,MODIS,75,61.03,284.5,18.6,D,0
106.8355,-2.9585,321.3,1.2,1.1,2023-08-25,0304,Terra,MODIS,78,61.03,283.4,22.6,D,0
106.3647,-2.8891,324.2,1,1,2023-08-27,0652,Aqua,MODIS,77,61.03,299.7,15,D,0
106.3556,-2.8904,319.4,1,1,2023-08-27,0652,Aqua,MODIS,70,61.03,299.4,9.9,D,0
106.3026,-2.888,317.1,1,1,2023-08-27,0652,Aqua,MODIS,50,61.03,299.2,8,D,0
106.2935,-2.8893,315.9,1,1,2023-08-27,0652,Aqua,MODIS,48,61.03,298.5,6.6,D,0
105.9702,-1.5681,305.3,1.1,1,2023-08-27,1507,Terra,MODIS,28,61.03,294.8,4.8,N,0
106.1579,-2.837,316.5,1.3,1.1,2023-08-29,0638,Aqua,MODIS,67,61.03,298.8,9.2,D,0
106.1634,-2.8357,315,1.3,1.1,2023-08-29,0638,Aqua,MODIS,62,61.03,299,7.1,D,0
106.1258,-2.8108,315.3,1.3,1.1,2023-08-29,0638,Aqua,MODIS,63,61.03,298.1,9.5,D,0
106.6215,-2.6371000000000002,317.1,1.2,1.1,2023-08-29,0638,Aqua,MODIS,53,61.03,300.2,7.4,D,0
105.9927,-2.7272,327,1.3,1.1,2023-08-29,0638,Aqua,MODIS,80,61.03,296.7,27.7,D,0
105.9814,-2.7289,315.3,1.3,1.1,2023-08-29,0638,Aqua,MODIS,64,61.03,296.9,11.1,D,0
106.6201,-2.6275,321.7,1.2,1.1,2023-08-29,0638,Aqua,MODIS,74,61.03,299.8,13.7,D,0
106.1224,-2.2903,320.6,1.2,1.1,2023-08-29,0638,Aqua,MODIS,73,61.03,295.7,14.9,D,0
106.1167,-2.2902,316.6,1.2,1.1,2023-08-29,0638,Aqua,MODIS,35,61.03,296.1,9.3,D,0
105.266,-1.9734,308.6,1.3,1.1,2023-08-29,1450,Terra,MODIS,75,61.03,282.5,12.3,N,0
106.5187,-3.0974,308.3,1,1,2023-08-31,1845,Aqua,MODIS,74,61.03,296.2,6.1,N,0
105.778,-1.8632,309.6,1.4,1.2,2023-09-01,1514,Terra,MODIS,78,61.03,294,12.1,N,0
105.7657,-1.8649,303.8,1.4,1.2,2023-09-01,1514,Terra,MODIS,57,61.03,293.5,6.3,N,0
107.0593,-2.8906,315.7,1,1,2023-09-03,0650,Aqua,MODIS,51,61.03,300.9,7.2,D,0
106.4636,-2.8018,319.4,1,1,2023-09-03,0650,Aqua,MODIS,68,61.03,298.4,8.9,D,0
106.1348,-2.8493,316.7,1,1,2023-09-03,0650,Aqua,MODIS,26,61.03,302.7,5.5,D,0
106.1423,-2.8391,317,1,1,2023-09-03,0650,Aqua,MODIS,38,61.03,302.9,5.5,D,0
106.1335,-2.8404,325.9,1,1,2023-09-03,0650,Aqua,MODIS,69,61.03,302.4,14.9,D,0
106.1676,-2.8263,323.8,1,1,2023-09-03,0650,Aqua,MODIS,75,61.03,304.2,11.9,D,0
106.0291,-2.79,315.5,1,1,2023-09-03,0650,Aqua,MODIS,43,61.03,300.6,7.2,D,0
105.9206,-2.7051,326.2,1,1,2023-09-03,0650,Aqua,MODIS,0,61.03,302.5,15.7,D,0
106.0332,-2.6706,327.8,1,1,2023-09-03,0650,Aqua,MODIS,79,61.03,302.9,17,D,0
106.0243,-2.6719,323,1,1,2023-09-03,0650,Aqua,MODIS,73,61.03,302.5,11.7,D,0
106.1641,-2.559,319.5,1,1,2023-09-03,0650,Aqua,MODIS,62,61.03,302.1,7.7,D,0
106.1552,-2.5603,327.9,1,1,2023-09-03,0650,Aqua,MODIS,79,61.03,302.7,16.6,D,0
105.8413,-2.1637,319,1,1,2023-09-03,0651,Aqua,MODIS,66,61.03,299.5,9.4,D,0
105.2596,-1.9069,321.1,1,1,2023-09-03,0651,Aqua,MODIS,51,61.03,303.4,8.1,D,0
105.8279,-1.7425,317.1,1,1,2023-09-03,0651,Aqua,MODIS,44,61.03,297.6,6.2,D,0
105.8324,-2.165,333.5,1,1,2023-09-03,0651,Aqua,MODIS,84,61.03,296.6,26.7,D,0
106.7503,-2.5602,304.9,1,1,2023-09-03,1458,Terra,MODIS,45,61.03,294.7,5.2,N,0
105.8772,-1.7153,309.2,1,1,2023-09-03,1458,Terra,MODIS,74,61.03,295,7.5,N,0
106.5253,-2.7958,322.8,1.3,1.1,2023-09-05,0636,Aqua,MODIS,76,61.03,293.2,19.3,D,0
106.1283,-2.7799,346.4,1.4,1.2,2023-09-05,0636,Aqua,MODIS,94,61.03,296.1,76,D,0
106.5834,-2.6755,316.2,1.3,1.1,2023-09-05,0636,Aqua,MODIS,62,61.03,293.8,10.6,D,0
106.0644,-2.7185,316.9,1.4,1.2,2023-09-05,0636,Aqua,MODIS,71,61.03,296.4,13.3,D,0
105.333,-1.9254,311.2,1.5,1.2,2023-09-05,0636,Aqua,MODIS,63,61.03,274.9,16,D,0
105.2157,-1.9905,314.2,1,1,2023-09-06,0303,Terra,MODIS,64,61.03,293.5,5.1,D,0
106.4092,-2.5939,307,1.1,1.1,2023-09-08,1505,Terra,MODIS,66,61.03,293.8,6.6,N,0
107.5931,-3.0583,311.7,1.3,1.1,2023-09-08,1505,Terra,MODIS,76,61.03,294.6,12.6,N,0
105.9425,-1.8692,312.2,1.1,1,2023-09-08,1506,Terra,MODIS,83,61.03,293.7,10.2,N,0
105.9329,-1.8706,318.2,1.1,1,2023-09-08,1506,Terra,MODIS,96,61.03,293.8,15.8,N,0
106.1915,-2.5536,308.6,3,1.7,2023-09-09,0327,Terra,MODIS,36,61.03,289.7,25.4,D,0
106.894,-2.959,317.7,1,1,2023-09-10,0648,Aqua,MODIS,51,61.03,298.3,7.8,D,0
106.8851,-2.9603,323.9,1,1,2023-09-10,0648,Aqua,MODIS,76,61.03,298,14.2,D,0
106.5102,-2.8939,318.4,1,1,2023-09-10,0648,Aqua,MODIS,63,61.03,301.5,8.5,D,0
106.3758,-2.9043,320.3,1,1,2023-09-10,0648,Aqua,MODIS,71,61.03,299.4,9.4,D,0
106.3914,-2.8014,313.5,1,1,2023-09-10,0648,Aqua,MODIS,35,61.03,296.4,6.3,D,0
106.2501,-2.7472,318.1,1,1,2023-09-10,0648,Aqua,MODIS,67,61.03,299.7,7.2,D,0
106.4811,-2.6314,327.9,1,1,2023-09-10,0648,Aqua,MODIS,80,61.03,298.5,18.2,D,0
106.1248,-2.6738,363.7,1,1,2023-09-10,0648,Aqua,MODIS,100,61.03,300.1,88.8,D,0
106.1159,-2.6751,373.5,1,1,2023-09-10,0648,Aqua,MODIS,100,61.03,301,120.9,D,0
105.9348,-2.683,315.8,1,1,2023-09-10,0648,Aqua,MODIS,45,61.03,296.5,5.8,D,0
105.9258,-2.6843,323.6,1,1,2023-09-10,0648,Aqua,MODIS,75,61.03,297.5,13.3,D,0
106.4924,-2.5843,318.4,1,1,2023-09-10,0648,Aqua,MODIS,66,61.03,300.7,6,D,0
106.4835,-2.5856,322,1,1,2023-09-10,0648,Aqua,MODIS,73,61.03,301.2,9.7,D,0
106.3919,-2.5607,319.1,1,1,2023-09-10,0648,Aqua,MODIS,53,61.03,298.9,9.1,D,0
106.2018,-2.5609,317.1,1,1,2023-09-10,0648,Aqua,MODIS,63,61.03,298.6,5.6,D,0
106.156,-2.3923,322.7,1,1,2023-09-10,0648,Aqua,MODIS,74,61.03,296.1,13.6,D,0
106.0712,-1.9536,321.5,1,1,2023-09-10,0649,Aqua,MODIS,73,61.03,300.2,8.7,D,0
106.1448,-2.7429,305.5,1.2,1.1,2023-09-10,1449,Terra,MODIS,65,61.03,294.1,6.1,N,0
105.9702,-1.8624,309.9,2.3,1.5,2023-09-12,1433,Terra,MODIS,79,61.03,292.1,26.7,N,0
105.9652,-1.8647,306.6,2.3,1.5,2023-09-12,1433,Terra,MODIS,69,61.03,292.1,19.3,N,0
106.2176,-2.2546,319.4,1,1,2023-09-13,0254,Terra,MODIS,0,61.03,300.9,8.2,D,0
106.706,-2.6115,317.9,1,1,2023-09-13,0254,Terra,MODIS,63,61.03,301.2,6.4,D,0
106.5234,-2.8309,317.5,2.4,1.5,2023-09-13,0715,Aqua,MODIS,33,61.03,297.4,25.4,D,0
106.266,-2.6418,304.2,1.4,1.2,2023-09-13,1513,Terra,MODIS,58,61.03,291.7,8.4,N,0
106.2533,-2.6437,305.6,1.4,1.2,2023-09-13,1513,Terra,MODIS,65,61.03,291,9.8,N,0
105.8189,-2.1756,310.4,3,1.7,2023-09-14,0619,Aqua,MODIS,25,61.03,290.6,21.4,D,0
105.8118,-2.1747,313.7,3,1.7,2023-09-14,0619,Aqua,MODIS,45,61.03,290.2,34.7,D,0
106.0639,-2.6882,322.2,1.2,1.1,2023-09-15,0701,Aqua,MODIS,71,61.03,300.8,12.8,D,0
106.5604,-2.9104,317.5,1.3,1.1,2023-09-15,0701,Aqua,MODIS,58,61.03,300.3,10.1,D,0
106.5492,-2.9121,317.9,1.3,1.1,2023-09-15,0701,Aqua,MODIS,53,61.03,300.9,9.7,D,0
106.3813,-2.9267,321.1,1.2,1.1,2023-09-15,0701,Aqua,MODIS,69,61.03,301.9,11.7,D,0
106.4114,-2.9021,344.9,1.2,1.1,2023-09-15,0701,Aqua,MODIS,92,61.03,302.9,59.3,D,0
106.4319,-2.4799,332.6,1.3,1.1,2023-09-15,0701,Aqua,MODIS,63,61.03,299,29.6,D,0
106.4207,-2.4816,318.6,1.3,1.1,2023-09-15,0701,Aqua,MODIS,40,61.03,297.9,6.3,D,0
106.2769,-2.5026,325.7,1.2,1.1,2023-09-15,0701,Aqua,MODIS,75,61.03,303,15.1,D,0
106.2379,-2.4356,323.1,1.2,1.1,2023-09-15,0701,Aqua,MODIS,63,61.03,304.2,11.2,D,0
106.2444,-2.4045,322.2,1.2,1.1,2023-09-15,0701,Aqua,MODIS,62,61.03,302.5,10.1,D,0
105.3089,-1.9792,316.5,1.1,1.1,2023-09-15,0701,Aqua,MODIS,63,61.03,289.5,10.9,D,0
105.5845,-1.7742,321.2,1.2,1.1,2023-09-15,0701,Aqua,MODIS,61,61.03,299.3,12.7,D,0
105.5743,-1.7757,330.3,1.2,1.1,2023-09-15,0701,Aqua,MODIS,71,61.03,295.4,26.8,D,0
105.5126,-1.581,321.1,1.2,1.1,2023-09-15,0701,Aqua,MODIS,64,61.03,302.9,10.3,D,0
106.5973,-2.7215,311.3,1,1,2023-09-15,1456,Terra,MODIS,81,61.03,294.7,8,N,0
105.7338,-1.849,307.3,1,1,2023-09-15,1457,Terra,MODIS,66,61.03,293.2,6.1,N,0
105.3691,-2.107,310.9,1.7,1.3,2023-09-16,0318,Terra,MODIS,47,61.03,292.1,12.2,D,0
106.2409,-2.3495,320.2,1,1,2023-09-17,0646,Aqua,MODIS,61,61.03,298.6,9,D,0
106.3818,-2.7241,303.1,2.1,1.4,2023-09-18,1521,Terra,MODIS,53,61.03,289.8,10.5,N,0
106.2769,-2.4531,320.2,1.6,1.2,2023-09-19,0632,Aqua,MODIS,71,61.03,297.3,16.3,D,0
106.815,-2.9054,312.1,1.1,1.1,2023-09-20,1504,Terra,MODIS,83,61.03,295,10.7,N,0
106.805,-2.9069,314.4,1.1,1.1,2023-09-20,1504,Terra,MODIS,88,61.03,295.2,12.8,N,0
106.5923,-2.5882,314.8,1.1,1.1,2023-09-20,1504,Terra,MODIS,89,61.03,295.1,12.6,N,0
105.223,-2.0084,307.3,1,1,2023-09-20,1504,Terra,MODIS,69,61.03,293.5,6,N,0
105.8099,-1.6958,319.6,1.1,1,2023-09-20,1504,Terra,MODIS,99,61.03,294.3,16.8,N,0
105.8006,-1.6971,311.9,1.1,1,2023-09-20,1504,Terra,MODIS,82,61.03,293.8,9.7,N,0
106.1333,-2.3345,320.1,2.9,1.6,2023-09-21,0326,Terra,MODIS,75,61.03,294.4,58.6,D,0
105.9319,-2.3371,315.5,3.3,1.7,2023-09-21,0617,Aqua,MODIS,53,61.03,292.5,50.5,D,0
106.2082,-2.523,305.7,1.1,1.1,2023-09-21,1839,Aqua,MODIS,65,61.03,287.1,8.3,N,0
106.2263,-2.4762,325.4,1.1,1.1,2023-09-22,0659,Aqua,MODIS,76,61.03,300.1,15.9,D,0
106.1557,-2.3854,314.9,1.1,1.1,2023-09-22,0659,Aqua,MODIS,56,61.03,294.9,6.8,D,0
106.1059,-2.2999,321.4,1.1,1.1,2023-09-22,0659,Aqua,MODIS,74,61.03,285.3,16.9,D,0
106.6032,-2.6429,305.7,1.1,1.1,2023-09-22,1448,Terra,MODIS,65,61.03,293.6,5.7,N,0
106.6132,-2.6415,309.7,1.1,1.1,2023-09-22,1448,Terra,MODIS,78,61.03,294,8.8,N,0
106.5271,-2.8994,320.1,1,1,2023-09-24,0644,Aqua,MODIS,72,61.03,299.7,10.9,D,0
106.5178,-2.9007,318.8,1.1,1,2023-09-24,0644,Aqua,MODIS,58,61.03,300.3,9.3,D,0
106.3961,-2.918,323.5,1.1,1,2023-09-24,0644,Aqua,MODIS,76,61.03,302.1,12.9,D,0
106.3867,-2.9194,318.2,1.1,1,2023-09-24,0644,Aqua,MODIS,69,61.03,301.6,7,D,0
106.0697,-2.6688,320.4,1.1,1,2023-09-24,0644,Aqua,MODIS,71,61.03,300.9,10.3,D,0
105.9536,-2.6853,322,1.1,1,2023-09-24,0644,Aqua,MODIS,74,61.03,302.4,12,D,0
105.9439,-2.6867,331.5,1.1,1,2023-09-24,0644,Aqua,MODIS,83,61.03,302.2,24.4,D,0
106.2791,-2.4551,327.7,1.1,1,2023-09-24,0644,Aqua,MODIS,80,61.03,299.1,18.1,D,0
105.9007,-2.1596,322.9,1.1,1,2023-09-24,0644,Aqua,MODIS,76,61.03,296.1,13.4,D,0
106.0438,-2.1041,312.5,1.1,1,2023-09-24,0644,Aqua,MODIS,30,61.03,294.2,4.4,D,0
105.8184,-2.1083,358.6,1.1,1,2023-09-24,0644,Aqua,MODIS,99,61.03,298.1,86.2,D,0
105.8087,-2.1097,348.7,1.1,1,2023-09-24,0644,Aqua,MODIS,95,61.03,292.1,60.7,D,0
105.8171,-2.099,330.4,1.1,1,2023-09-24,0644,Aqua,MODIS,79,61.03,289.4,26.6,D,0
105.8165,-2.1031,322.2,1,1,2023-09-25,0253,Terra,MODIS,74,61.03,301.3,12.2,D,0
106.1915,-2.2694,317.1,1,1,2023-09-25,0253,Terra,MODIS,51,61.03,299.4,6.6,D,0
106.442,-2.6642,315.8,1,1,2023-09-25,0253,Terra,MODIS,48,61.03,295.9,5.3,D,0
105.9355,-2.4196,333.9,1.3,1.1,2023-09-25,1512,Terra,MODIS,100,61.03,294.1,49.7,N,0
105.9238,-2.4213,303.7,1.3,1.1,2023-09-25,1512,Terra,MODIS,53,61.03,293.5,5.9,N,0
106.5189,-2.8484,321,1.7,1.3,2023-09-26,0629,Aqua,MODIS,46,61.03,300.5,20.5,D,0
106.523,-2.7655,321.7,1.7,1.3,2023-09-26,0629,Aqua,MODIS,72,61.03,298.4,23.8,D,0
106.189,-2.8114,317,1.9,1.3,2023-09-26,0629,Aqua,MODIS,59,61.03,297.7,14,D,0
106.1725,-2.8137,316.2,1.9,1.3,2023-09-26,0629,Aqua,MODIS,43,61.03,297.9,13,D,0
106.5337,-2.7668,321,1.7,1.3,2023-09-26,0629,Aqua,MODIS,74,61.03,297.7,24.9,D,0
106.1831,-2.8057,320.7,1.9,1.3,2023-09-26,0629,Aqua,MODIS,74,61.03,297.8,24,D,0
106.6621,-2.69,323.9,1.7,1.3,2023-09-26,0629,Aqua,MODIS,0,61.03,298.7,27.2,D,0
106.2759,-2.4329,325.1,1.8,1.3,2023-09-26,0630,Aqua,MODIS,57,61.03,291.9,40.2,D,0
106.2599,-2.4351,321.3,1.8,1.3,2023-09-26,0630,Aqua,MODIS,54,61.03,293.5,31.1,D,0
106.2698,-2.4261,328.6,1.8,1.3,2023-09-26,0630,Aqua,MODIS,81,61.03,292.8,46.2,D,0
105.8133,-2.1008,335.5,1.9,1.4,2023-09-26,0630,Aqua,MODIS,87,61.03,285.6,80.8,D,0
105.7963,-2.1032,329.8,1.9,1.4,2023-09-26,0630,Aqua,MODIS,83,61.03,289.6,60.8,D,0
105.4542,-2.1016,318.5,2.1,1.4,2023-09-26,0630,Aqua,MODIS,0,61.03,298.2,26.3,D,0
105.4471,-2.0993,319.2,2.1,1.4,2023-09-26,0630,Aqua,MODIS,0,61.03,298.3,29.2,D,0
106.2773,-2.4387,330.8,1.8,1.3,2023-09-27,0711,Aqua,MODIS,80,61.03,304.5,39.7,D,0
106.2612,-2.4411,325.4,1.8,1.3,2023-09-27,0711,Aqua,MODIS,69,61.03,303.1,23.4,D,0
106.2576,-2.4176,327.4,1.8,1.3,2023-09-27,0711,Aqua,MODIS,76,61.03,303,30.4,D,0
106.2528,-2.4236,328.1,1.8,1.3,2023-09-27,0711,Aqua,MODIS,77,61.03,303.8,32.9,D,0
105.4542,-2.0934,318.9,1.6,1.2,2023-09-27,0711,Aqua,MODIS,50,61.03,300.7,16.3,D,0
105.4859,-1.5712,328.1,1.6,1.3,2023-09-27,0711,Aqua,MODIS,59,61.03,300.6,33.5,D,0
106.262,-2.4176,307.5,1,1,2023-09-27,1455,Terra,MODIS,70,61.03,294.2,6.6,N,0
106.2645,-2.4354,324.7,1,1,2023-09-27,1455,Terra,MODIS,100,61.03,294.6,21.2,N,0
106.5868,-2.5835,307.9,1,1,2023-09-27,1455,Terra,MODIS,71,61.03,295.4,5.7,N,0
106.5957,-2.5822,308.7,1,1,2023-09-27,1455,Terra,MODIS,74,61.03,295.7,6.2,N,0
106.294,-2.727,308.3,1,1,2023-09-27,1455,Terra,MODIS,74,61.03,293.6,7.4,N,0
106.3683,-2.8904,315.3,1,1,2023-09-27,1455,Terra,MODIS,91,61.03,294.5,12.2,N,0
105.8454,-2.0846,317.9,1.8,1.3,2023-09-28,0317,Terra,MODIS,67,61.03,299.5,17.1,D,0
105.8402,-2.0807,321.3,1.8,1.3,2023-09-28,0317,Terra,MODIS,69,61.03,300.2,23.7,D,0
105.8742,-2.4081,337.5,1.8,1.3,2023-09-28,0317,Terra,MODIS,66,61.03,297.7,81.5,D,0
105.9724,-2.0303,313.5,3.7,1.8,2023-09-28,0615,Aqua,MODIS,58,61.03,295.8,30.1,D,0
106.2517,-2.4521,315.8,3.6,1.8,2023-09-28,0615,Aqua,MODIS,49,61.03,294.6,34.5,D,0
106.2579,-2.4462,316.1,3.6,1.8,2023-09-28,0615,Aqua,MODIS,47,61.03,294.2,33.7,D,0
106.2397,-2.438,306,1.2,1.1,2023-09-28,1837,Aqua,MODIS,40,61.03,291.7,8.1,N,0
106.376,-2.9333,316,1.1,1,2023-09-29,0656,Aqua,MODIS,22,61.03,297,5.3,D,0
106.1665,-2.8536,321.1,1.1,1,2023-09-29,0656,Aqua,MODIS,65,61.03,300.4,8.4,D,0
106.1572,-2.855,320.1,1.1,1,2023-09-29,0656,Aqua,MODIS,55,61.03,300.4,7.2,D,0
105.9681,-2.7712,317.8,1,1,2023-09-29,0656,Aqua,MODIS,19,61.03,299.8,7.6,D,0
106.0801,-2.6726,332.8,1,1,2023-09-29,0656,Aqua,MODIS,83,61.03,299.5,24.1,D,0
106.1003,-2.5955,329.5,1.1,1,2023-09-29,0656,Aqua,MODIS,79,61.03,298.2,21.6,D,0
106.3158,-2.6794,307.3,1.6,1.3,2023-09-29,1438,Terra,MODIS,71,61.03,291.3,13.3,N,0
106.5658,-2.8975,305.2,1.6,1.2,2023-09-29,1438,Terra,MODIS,63,61.03,292.3,9.6,N,0
106.0108,-2.14,321.3,1,1,2023-09-30,0300,Terra,MODIS,71,61.03,298.5,11.1,D,0
105.9563,-2.3072,315.9,1,1,2023-09-30,0300,Terra,MODIS,51,61.03,296.4,7.2,D,0
106.31,-2.872,326.1,1.1,1.1,2023-10-01,0642,Aqua,MODIS,80,61.03,295.9,21.1,D,0
106.0306,-1.7259,319.3,2.1,1.4,2023-10-03,0627,Aqua,MODIS,73,61.03,284.7,31.1,D,0
106.0123,-1.7285,312,2.1,1.4,2023-10-03,0627,Aqua,MODIS,53,61.03,284.5,14,D,0
106.0253,-1.7365,327.1,2.1,1.4,2023-10-03,0627,Aqua,MODIS,80,61.03,285.3,54.4,D,0
106.2407,-2.8829,306.9,1.2,1.1,2023-10-04,1446,Terra,MODIS,67,61.03,293.9,8.1,N,0
106.408,-2.6857,305.9,1.2,1.1,2023-10-04,1446,Terra,MODIS,62,61.03,294.4,6.1,N,0
106.1698,-2.6987,341.6,1.2,1.1,2023-10-04,1446,Terra,MODIS,100,61.03,295.2,60.4,N,0
106.1589,-2.7002,304.7,1.2,1.1,2023-10-04,1446,Terra,MODIS,56,61.03,294.2,5.4,N,0
106.4219,-2.4901,304.5,1.2,1.1,2023-10-04,1446,Terra,MODIS,53,61.03,294.3,4.7,N,0
105.8087,-1.7167,310,1.3,1.1,2023-10-04,1446,Terra,MODIS,76,61.03,294,10,N,0
105.814,-1.7147,304.3,1.3,1.1,2023-10-04,1446,Terra,MODIS,48,61.03,293.9,4.7,N,0
106.1011,-2.3009,315.6,1.3,1.1,2023-10-05,0307,Terra,MODIS,23,61.03,296.9,7.2,D,0
105.8083,-1.7179,318.3,1.2,1.1,2023-10-05,0307,Terra,MODIS,69,61.03,299.6,9.7,D,0
106.1615,-2.7211,311.8,4.2,1.9,2023-10-05,0612,Aqua,MODIS,51,61.03,292.3,35.8,D,0
107.5492,-2.9154,319.4,1.1,1.1,2023-10-06,0654,Aqua,MODIS,0,61.03,298.3,11.2,D,0
106.5752,-2.9395,313.5,1,1,2023-10-06,0654,Aqua,MODIS,32,61.03,293.8,5.4,D,0
106.3028,-2.8953,321.5,1,1,2023-10-06,0654,Aqua,MODIS,66,61.03,299.6,10.2,D,0
106.2936,-2.8325,322.4,1,1,2023-10-06,0654,Aqua,MODIS,71,61.03,299.9,11,D,0
106.1764,-2.822,323.8,1,1,2023-10-06,0654,Aqua,MODIS,73,61.03,304.6,9.4,D,0
106.1582,-2.7606,327.2,1,1,2023-10-06,0654,Aqua,MODIS,78,61.03,302.1,14.9,D,0
105.9778,-2.758,317.4,1,1,2023-10-06,0654,Aqua,MODIS,46,61.03,300.1,7.4,D,0
105.9689,-2.7592,322.3,1,1,2023-10-06,0654,Aqua,MODIS,71,61.03,300.7,12.1,D,0
105.9676,-2.7503,325.1,1,1,2023-10-06,0654,Aqua,MODIS,71,61.03,300.5,14.7,D,0
106.0529,-2.7106,324,1,1,2023-10-06,0654,Aqua,MODIS,73,61.03,301,12.7,D,0
106.0815,-2.6332,321.6,1,1,2023-10-06,0654,Aqua,MODIS,69,61.03,301.4,10,D,0
106.0722,-2.1549,323.4,1,1,2023-10-06,0654,Aqua,MODIS,74,61.03,301.3,8.9,D,0
106.0632,-2.1562,327.7,1,1,2023-10-06,0654,Aqua,MODIS,81,61.03,301.4,14.6,D,0
106.0817,-2.4602,306.2,2.5,1.5,2023-10-06,1429,Terra,MODIS,67,61.03,294.3,21.1,N,0
105.4517,-2.0081,317.4,1.1,1,2023-10-07,0251,Terra,MODIS,61,61.03,300.2,7.3,D,0
105.6174,-1.6262,319.6,1.1,1,2023-10-07,0251,Terra,MODIS,63,61.03,301.9,8.3,D,0
106.1667,-2.4814,318.4,1,1,2023-10-07,0251,Terra,MODIS,64,61.03,296.7,6.9,D,0
106.8596,-2.9983,321.2,1,1,2023-10-07,0251,Terra,MODIS,53,61.03,300.4,10.7,D,0
106.4874,-2.7359,304.5,1.4,1.2,2023-10-07,1510,Terra,MODIS,60,61.03,294.2,7.2,N,0
105.9695,-2.6886,304.9,1.3,1.1,2023-10-07,1510,Terra,MODIS,60,61.03,294,6.6,N,0
105.9583,-2.6902,305.2,1.3,1.1,2023-10-07,1510,Terra,MODIS,61,61.03,294,6.9,N,0
105.8378,-1.7261,312.7,1.3,1.1,2023-10-07,1510,Terra,MODIS,85,61.03,295.8,13.6,N,0
105.8316,-1.7264,307.1,1.3,1.1,2023-10-07,1510,Terra,MODIS,70,61.03,295.7,8.5,N,0
106.4686,-2.8295,320.6,1.2,1.1,2023-10-08,0639,Aqua,MODIS,68,61.03,301.9,9.7,D,0
106.5801,-2.7638,319.3,1.2,1.1,2023-10-08,0639,Aqua,MODIS,69,61.03,297.3,14,D,0
106.5991,-3.0572,317.3,2,1.4,2023-10-10,0315,Terra,MODIS,57,61.03,293.9,23.5,D,0
106.854,-3.0158,314.6,2.2,1.4,2023-10-10,0624,Aqua,MODIS,0,61.03,293.6,15.7,D,0
106.5269,-2.8977,332.9,1.4,1.2,2023-10-11,0706,Aqua,MODIS,83,61.03,304,33,D,0
106.5253,-2.8871000000000002,324.4,1.4,1.2,2023-10-11,0706,Aqua,MODIS,52,61.03,303.1,16.1,D,0
106.119,-2.8062,320.3,1.4,1.2,2023-10-11,0706,Aqua,MODIS,52,61.03,298.8,13.7,D,0
105.9082,-1.549,336.8,1.4,1.2,2023-10-11,0706,Aqua,MODIS,76,61.03,300.5,43.5,D,0
105.896,-1.5508,324.4,1.4,1.2,2023-10-11,0706,Aqua,MODIS,77,61.03,300.3,16.8,D,0
106.3833,-2.7264,320,1.7,1.3,2023-10-11,1437,Terra,MODIS,99,61.03,292.8,35.4,N,0
106.3683,-2.7285,303.3,1.7,1.3,2023-10-11,1437,Terra,MODIS,54,61.03,292.6,7.9,N,0
106.3772,-2.7281,317.3,1.7,1.3,2023-10-11,1437,Terra,MODIS,95,61.03,292.8,29.7,N,0
106.3179,-2.6319,312.8,1.7,1.3,2023-10-11,1437,Terra,MODIS,86,61.03,293.7,20.8,N,0
106.3276,-2.6316,303.9,1.7,1.3,2023-10-11,1437,Terra,MODIS,58,61.03,293.5,8.4,N,0
106.3124,-2.6337,307.1,1.7,1.3,2023-10-11,1437,Terra,MODIS,70,61.03,293.6,12.8,N,0
106.6198,-2.579,307.1,1.6,1.3,2023-10-11,1437,Terra,MODIS,68,61.03,294.3,10.4,N,0
106.6054,-2.581,305.1,1.6,1.3,2023-10-11,1437,Terra,MODIS,60,61.03,294.2,8,N,0
106.3962,-2.5757,305.1,1.7,1.3,2023-10-11,1437,Terra,MODIS,63,61.03,293.5,9,N,0
105.397,-1.8419,326.3,1,1,2023-10-12,0258,Terra,MODIS,75,61.03,287.7,20.6,D,0
106.4959,-2.5362,316,1.1,1,2023-10-12,0258,Terra,MODIS,58,61.03,298.4,5.5,D,0
106.1061,-2.4983,322,1,1,2023-10-12,0258,Terra,MODIS,66,61.03,296.4,12.6,D,0
106.1152,-2.4996,323.5,1,1,2023-10-12,0258,Terra,MODIS,74,61.03,296.7,14.1,D,0
106.1049,-2.5073,318.7,1,1,2023-10-12,0258,Terra,MODIS,28,61.03,296.5,8.9,D,0
106.114,-2.5086,321.7,1,1,2023-10-12,0258,Terra,MODIS,55,61.03,297.6,11.9,D,0
106.3021,-2.6898,305.9,1.8,1.3,2023-10-12,1517,Terra,MODIS,65,61.03,293.5,13,N,0
106.6337,-3.0236,340.7,1,1,2023-10-13,0651,Aqua,MODIS,90,61.03,298.2,37.6,D,0
106.6249,-3.0249,342.5,1,1,2023-10-13,0651,Aqua,MODIS,91,61.03,297.5,40.9,D,0
106.4913,-3.0243,315.9,1,1,2023-10-13,0651,Aqua,MODIS,50,61.03,297.6,4.9,D,0
106.4954,-2.9049,324.6,1,1,2023-10-13,0651,Aqua,MODIS,61,61.03,305.3,10.2,D,0
106.5295,-2.8908,325.1,1,1,2023-10-13,0651,Aqua,MODIS,58,61.03,309.1,10.9,D,0
106.4915,-2.8782,322.8,1,1,2023-10-13,0651,Aqua,MODIS,37,61.03,305.9,7.9,D,0
106.4281,-2.8782,317.4,1,1,2023-10-13,0651,Aqua,MODIS,59,61.03,301,7.4,D,0
106.4192,-2.8795,315.5,1,1,2023-10-13,0651,Aqua,MODIS,45,61.03,300.5,6.2,D,0
106.5151,-2.8366,324.5,1,1,2023-10-13,0651,Aqua,MODIS,36,61.03,301.8,10,D,0
106.4149,-2.8329,327.7,1,1,2023-10-13,0651,Aqua,MODIS,78,61.03,303.5,16.4,D,0
106.1235,-2.8205,375.7,1,1,2023-10-13,0651,Aqua,MODIS,100,61.03,309.4,125.3,D,0
106.1146,-2.8217,355.9,1,1,2023-10-13,0651,Aqua,MODIS,98,61.03,306.1,64.9,D,0
106.1254,-2.8106,323.8,1,1,2023-10-13,0651,Aqua,MODIS,54,61.03,307.7,12,D,0
106.1165,-2.8119,327.7,1,1,2023-10-13,0651,Aqua,MODIS,59,61.03,307.2,17.5,D,0
106.0455,-2.8221,317.3,1,1,2023-10-13,0651,Aqua,MODIS,42,61.03,302.8,8.7,D,0
106.1241,-2.8017,378.9,1,1,2023-10-13,0651,Aqua,MODIS,100,61.03,306,139.1,D,0
106.1152,-2.803,381.6,1,1,2023-10-13,0651,Aqua,MODIS,100,61.03,307.6,151.2,D,0
106.5521,-2.6943,323.6,1,1,2023-10-13,0651,Aqua,MODIS,72,61.03,302.8,12.1,D,0
106.2949,-2.7315,348.5,1,1,2023-10-13,0651,Aqua,MODIS,94,61.03,306.8,48.4,D,0
106.2861,-2.7328,322.5,1,1,2023-10-13,0651,Aqua,MODIS,70,61.03,304.5,9.2,D,0
106.0022,-2.7738,316.5,1,1,2023-10-13,0651,Aqua,MODIS,52,61.03,302.4,6.7,D,0
106.2208,-2.6404,396.2,1,1,2023-10-13,0651,Aqua,MODIS,100,61.03,304.9,220.2,D,0
106.212,-2.6417,380.1,1,1,2023-10-13,0651,Aqua,MODIS,100,61.03,306.2,142.6,D,0
106.1385,-2.6341,324.8,1,1,2023-10-13,0651,Aqua,MODIS,72,61.03,302.7,13.3,D,0
106.4086,-2.5399,329.7,1,1,2023-10-13,0651,Aqua,MODIS,70,61.03,311.2,14.3,D,0
106.1629,-2.4275,319.7,1,1,2023-10-13,0651,Aqua,MODIS,64,61.03,303.5,7.4,D,0
106.1385,-2.2195,322.1,1,1,2023-10-13,0651,Aqua,MODIS,69,61.03,305,7.7,D,0
105.8464,-2.1235,320.6,1,1,2023-10-13,0651,Aqua,MODIS,41,61.03,299.3,9.8,D,0
106.0421,-2.0765,321.3,1,1,2023-10-13,0651,Aqua,MODIS,64,61.03,305.4,7.4,D,0
105.4449,-2.0794,334.2,1,1,2023-10-13,0651,Aqua,MODIS,64,61.03,303.8,24.7,D,0
105.4359,-2.0807,317.4,1,1,2023-10-13,0651,Aqua,MODIS,47,61.03,302.8,6.7,D,0
105.4795,-2.0652,326.5,1,1,2023-10-13,0651,Aqua,MODIS,67,61.03,302.6,15.2,D,0
105.4705,-2.0665,346.9,1,1,2023-10-13,0651,Aqua,MODIS,93,61.03,305.3,47.7,D,0
105.4615,-2.0678,324.7,1,1,2023-10-13,0651,Aqua,MODIS,75,61.03,304.3,13.1,D,0
105.322,-1.9689,317.7,1,1,2023-10-13,0651,Aqua,MODIS,63,61.03,302.9,7,D,0
105.4151,-1.8078,312.2,1,1,2023-10-13,0651,Aqua,MODIS,34,61.03,296.4,4.4,D,0
105.9383,-1.5757,322.8,1,1,2023-10-13,0651,Aqua,MODIS,76,61.03,307.3,10.2,D,0
105.937,-1.5668,341.2,1,1,2023-10-13,0651,Aqua,MODIS,85,61.03,306.3,34.2,D,0
105.9281,-1.568,333.1,1,1,2023-10-13,0651,Aqua,MODIS,85,61.03,306.3,21.8,D,0
105.9656,-2.6883,311.9,1,1,2023-10-14,1501,Terra,MODIS,84,61.03,289.6,10.5,N,0
106.1653,-2.4302,341.3,1,1,2023-10-14,1501,Terra,MODIS,100,61.03,282,48.5,N,0
106.1562,-2.4315,314.5,1,1,2023-10-14,1501,Terra,MODIS,89,61.03,281.7,13.6,N,0
106.0885,-2.3026,304,1,1,2023-10-14,1501,Terra,MODIS,56,61.03,292.5,4.9,N,0
106.0616,-2.7065,313.7,2.6,1.5,2023-10-15,0322,Terra,MODIS,66,61.03,294.2,25.2,D,0
105.8711,-2.1785,317.4,1.5,1.2,2023-10-15,0636,Aqua,MODIS,37,61.03,299.2,13.7,D,0
105.2396,-1.9257,340.8,1.6,1.3,2023-10-15,0636,Aqua,MODIS,90,61.03,298.6,71.8,D,0
106.0216,-1.7459,321.6,1.4,1.2,2023-10-15,0636,Aqua,MODIS,67,61.03,301.4,13.5,D,0
105.9632,-2.7473,321.4,2.2,1.4,2023-10-16,0718,Aqua,MODIS,63,61.03,298.6,35.2,D,0
105.4514,-2.0487,329.9,1.1,1.1,2023-10-17,0306,Terra,MODIS,82,61.03,298.2,24.5,D,0
105.9957,-2.7882,313.7,2.9,1.6,2023-10-17,0621,Aqua,MODIS,55,61.03,293.7,30.5,D,0
105.9699,-2.7919,314.7,2.9,1.6,2023-10-17,0621,Aqua,MODIS,0,61.03,294.2,32.6,D,0
106.2516,-2.4158,336.9,2.8,1.6,2023-10-17,0621,Aqua,MODIS,83,61.03,294.3,141.5,D,0
106.2496,-2.4017,317.1,2.8,1.6,2023-10-17,0621,Aqua,MODIS,36,61.03,293.9,37.7,D,0
106.1686,-2.3553,314,2.8,1.6,2023-10-17,0621,Aqua,MODIS,60,61.03,294,23.1,D,0
106.2525,-2.405,306.6,2.6,1.6,2023-10-17,1525,Terra,MODIS,69,61.03,290.4,22.7,N,0
106.2599,-2.4031,305.8,1,1,2023-10-17,1843,Aqua,MODIS,37,61.03,277.3,8.2,N,0
106.5935,-2.6739,307.6,1,1,2023-10-17,1843,Aqua,MODIS,70,61.03,287.7,8.3,N,0
106.2526,-2.4036,308.5,1.3,1.1,2023-10-19,1508,Terra,MODIS,75,61.03,288.5,10.6,N,0
106.0413,-1.8674,317,1,1,2023-10-21,1452,Terra,MODIS,94,61.03,290.1,14.6,N,0
106.4146,-2.5941,312.5,1.8,1.3,2023-10-22,0313,Terra,MODIS,63,61.03,292.4,15.3,D,0
105.9249,-2.6855,311,1.7,1.3,2023-10-22,0313,Terra,MODIS,27,61.03,280.7,15.3,D,0
105.9234,-2.6968,315.4,1.7,1.3,2023-10-22,0313,Terra,MODIS,0,61.03,278.8,24.1,D,0
106.7657,-2.968,332.3,1.9,1.4,2023-10-22,0313,Terra,MODIS,81,61.03,292.2,67.9,D,0
106.7585,-2.9724,325.4,1.9,1.4,2023-10-22,0313,Terra,MODIS,0,61.03,289.8,48,D,0
106.7757,-2.9748,322.9,2,1.4,2023-10-22,0313,Terra,MODIS,66,61.03,293.5,40,D,0
106.4677,-2.7936,316.6,1.6,1.2,2023-10-22,0633,Aqua,MODIS,62,61.03,284.7,20.9,D,0
106.4498,-2.7151,324,1.6,1.2,2023-10-22,0633,Aqua,MODIS,77,61.03,293.1,34.7,D,0
106.4445,-2.7147,325.2,1.6,1.2,2023-10-22,0633,Aqua,MODIS,48,61.03,292.9,33.4,D,0
106.1032,-2.3397,313.8,1.7,1.3,2023-10-22,0633,Aqua,MODIS,50,61.03,294.4,12.2,D,0
106.2838,-2.4146,324.1,1,1,2023-10-24,0256,Terra,MODIS,63,61.03,297.8,13.4,D,0
106.6006,-2.737,316.6,1,1,2023-10-24,0256,Terra,MODIS,52,61.03,297.8,7.2,D,0
106.6342,-3.0369,316,1,1,2023-10-24,0256,Terra,MODIS,57,61.03,298,7.4,D,0
106.889,-2.9572,320.5,2.9,1.6,2023-10-24,0618,Aqua,MODIS,0,61.03,295,56.3,D,0
106.4383,-2.9434,318.7,3.2,1.7,2023-10-24,0618,Aqua,MODIS,64,61.03,292.3,64.4,D,0
106.6664,-2.5466,314.3,3,1.7,2023-10-24,0618,Aqua,MODIS,0,61.03,293.6,27.3,D,0
106.2718,-2.42,314.2,3.2,1.7,2023-10-24,0618,Aqua,MODIS,40,61.03,291.7,32.3,D,0
106.5397,-3.0903,319.8,1.1,1.1,2023-10-25,0700,Aqua,MODIS,0,61.03,300.5,8.8,D,0
106.5296,-3.0918,321.6,1.1,1.1,2023-10-25,0700,Aqua,MODIS,53,61.03,300.9,11.3,D,0
106.5323,-3.0855,328.6,1.1,1.1,2023-10-25,0700,Aqua,MODIS,60,61.03,301.7,20.3,D,0
106.6034,-3.0073,318,1.1,1.1,2023-10-25,0700,Aqua,MODIS,63,61.03,301,7.2,D,0
106.5932,-3.0088,325.7,1.1,1.1,2023-10-25,0700,Aqua,MODIS,76,61.03,301.6,16.8,D,0
106.5468,-2.9436,316.3,1.1,1.1,2023-10-25,0700,Aqua,MODIS,58,61.03,300,6,D,0
106.4821,-2.9241,319.8,1.1,1.1,2023-10-25,0700,Aqua,MODIS,67,61.03,300.7,10.3,D,0
106.4164,-2.87,321.5,1.1,1.1,2023-10-25,0700,Aqua,MODIS,70,61.03,299.8,13.2,D,0
106.0016,-2.7844,329.3,1.1,1,2023-10-25,0700,Aqua,MODIS,78,61.03,299.8,20,D,0
105.9907,-2.7765,323.8,1.1,1,2023-10-25,0700,Aqua,MODIS,52,61.03,299.4,13.2,D,0
105.9811,-2.7779,328.1,1.1,1,2023-10-25,0700,Aqua,MODIS,79,61.03,300.7,18.9,D,0
106.4853,-2.6563,345.6,1.1,1.1,2023-10-25,0700,Aqua,MODIS,92,61.03,300.4,53.1,D,0
106.4751,-2.6578,344,1.1,1.1,2023-10-25,0700,Aqua,MODIS,91,61.03,300.2,49.4,D,0
106.4838,-2.6469,323.2,1.1,1.1,2023-10-25,0700,Aqua,MODIS,73,61.03,299.2,15,D,0
106.3542,-2.642,324.7,1.1,1.1,2023-10-25,0700,Aqua,MODIS,75,61.03,298.1,18.8,D,0
106.3443,-2.6434,314.1,1.1,1.1,2023-10-25,0700,Aqua,MODIS,25,61.03,297.1,7.5,D,0
105.9607,-2.1274,328.7,1.1,1,2023-10-25,0700,Aqua,MODIS,0,61.03,291.3,27.8,D,0
106.1523,-2.0708,343.3,1.1,1.1,2023-10-25,0700,Aqua,MODIS,0,61.03,304.1,47.2,D,0
106.1509,-2.0615,335.2,1.1,1.1,2023-10-25,0700,Aqua,MODIS,0,61.03,301.8,32,D,0
105.3097,-2.1291,320.1,1,1,2023-10-25,0700,Aqua,MODIS,46,61.03,300.1,8.5,D,0
105.3637,-2.112,325.6,1,1,2023-10-25,0700,Aqua,MODIS,59,61.03,303.5,14.7,D,0
105.3545,-2.1133,319.7,1,1,2023-10-25,0700,Aqua,MODIS,54,61.03,301.1,7.8,D,0
106.0426,-1.9846,323.2,1.1,1,2023-10-25,0700,Aqua,MODIS,63,61.03,298.7,14.1,D,0
106.5084,-2.8479,304.8,1,1,2023-10-26,1458,Terra,MODIS,62,61.03,288.3,5.9,N,0
106.2394,-2.8856,313.2,1,1,2023-10-26,1458,Terra,MODIS,87,61.03,292.7,11.1,N,0
106.597,-2.7342,301,1,1,2023-10-26,1458,Terra,MODIS,35,61.03,289,3,N,0
106.4253,-2.7583,308.1,1,1,2023-10-26,1458,Terra,MODIS,73,61.03,293.5,7,N,0
106.4163,-2.7596,306.2,1,1,2023-10-26,1458,Terra,MODIS,67,61.03,292.9,5.8,N,0
106.4628,-2.6791,312.5,1,1,2023-10-26,1459,Terra,MODIS,85,61.03,294.7,9.6,N,0
106.3102,-2.6368,312.1,1,1,2023-10-26,1459,Terra,MODIS,84,61.03,295.2,9.3,N,0
106.3012,-2.6381,313.1,1,1,2023-10-26,1459,Terra,MODIS,86,61.03,295.1,10.3,N,0
106.5068,-3.0225,347.6,1.1,1,2023-10-27,0645,Aqua,MODIS,94,61.03,299.8,53.8,D,0
106.4973,-3.0238,317.3,1.1,1,2023-10-27,0645,Aqua,MODIS,62,61.03,297.1,6.7,D,0
105.998,-2.7817,338.6,1.1,1.1,2023-10-27,0645,Aqua,MODIS,89,61.03,287.1,43.2,D,0
105.9881,-2.7831,349.3,1.1,1.1,2023-10-27,0645,Aqua,MODIS,95,61.03,289.6,66.8,D,0
106.3371,-2.622,326.3,1.1,1,2023-10-27,0645,Aqua,MODIS,75,61.03,301,16.9,D,0
106.3402,-2.6148,325.4,1.1,1,2023-10-27,0645,Aqua,MODIS,78,61.03,301.5,17.1,D,0
106.3306,-2.6162,318.5,1.1,1,2023-10-27,0645,Aqua,MODIS,51,61.03,301.6,9.3,D,0
106.377,-2.6,365.6,1.1,1,2023-10-27,0645,Aqua,MODIS,100,61.03,306.2,103.5,D,0
106.3675,-2.6014,325.9,1.1,1,2023-10-27,0645,Aqua,MODIS,78,61.03,304,16.8,D,0
106.4897,-2.5743,324.1,1.1,1,2023-10-27,0645,Aqua,MODIS,52,61.03,290.8,16.8,D,0
106.3087,-2.6005,325.8,1.1,1,2023-10-27,0645,Aqua,MODIS,76,61.03,299.9,17.7,D,0
106.3074,-2.5913,333.2,1.1,1,2023-10-27,0645,Aqua,MODIS,85,61.03,298,30.5,D,0
106.2978,-2.5927,317.6,1.1,1,2023-10-27,0645,Aqua,MODIS,52,61.03,296.2,11.4,D,0
106.4322,-2.49,317,1.1,1,2023-10-27,0645,Aqua,MODIS,31,61.03,297.4,5.3,D,0
106.2493,-2.8483,310.6,1.4,1.2,2023-10-28,1442,Terra,MODIS,80,61.03,292.8,14,N,0
105.8365,-1.8863,314.1,1.1,1.1,2023-10-29,0303,Terra,MODIS,58,61.03,296.7,7.5,D,0
106.0118,-2.5567,325.5,1.2,1.1,2023-10-29,0303,Terra,MODIS,77,61.03,297.7,21.8,D,0
106.3734,-2.7531,315.7,1.9,1.3,2023-10-29,0630,Aqua,MODIS,60,61.03,296.6,17.3,D,0
106.338,-2.5869,312,1.9,1.3,2023-10-29,0630,Aqua,MODIS,42,61.03,290.3,17.1,D,0
106.3212,-2.5894,326.1,1.9,1.3,2023-10-29,0630,Aqua,MODIS,75,61.03,293.9,50.8,D,0
105.9538,-2.1046,328,2,1.4,2023-10-29,0630,Aqua,MODIS,82,61.03,296.7,51,D,0
105.9362,-2.1072,325.4,2,1.4,2023-10-29,0630,Aqua,MODIS,80,61.03,297.4,42.2,D,0
105.899,-2.1001,322.1,2,1.4,2023-10-29,0630,Aqua,MODIS,77,61.03,297.7,38.3,D,0
106.7904,-2.995,337.1,1.1,1,2023-11-01,0656,Aqua,MODIS,76,61.03,298.7,33,D,0
106.781,-2.9964,316.8,1.1,1,2023-11-01,0656,Aqua,MODIS,0,61.03,297,6.9,D,0
106.7991,-2.9009,314.9,1.1,1,2023-11-01,0656,Aqua,MODIS,40,61.03,295.1,6.7,D,0
106.5258,-2.84,330.5,1,1,2023-11-01,0656,Aqua,MODIS,65,61.03,304.7,18.6,D,0
106.4309,-2.8168,327.6,1,1,2023-11-01,0656,Aqua,MODIS,79,61.03,298.5,17.3,D,0
106.4217,-2.8181,320.8,1,1,2023-11-01,0656,Aqua,MODIS,69,61.03,300.7,9.7,D,0
106.562,-2.742,323,1.1,1,2023-11-01,0656,Aqua,MODIS,73,61.03,300.5,11.9,D,0
106.5527,-2.7433,342.4,1.1,1,2023-11-01,0656,Aqua,MODIS,91,61.03,301.7,40.8,D,0
106.4136,-2.7637,324.6,1,1,2023-11-01,0656,Aqua,MODIS,75,61.03,302.7,11.4,D,0
106.5606,-2.7329,338.3,1.1,1,2023-11-01,0656,Aqua,MODIS,88,61.03,301.6,32.2,D,0
106.5513,-2.7342,337.9,1.1,1,2023-11-01,0656,Aqua,MODIS,88,61.03,300.9,31.2,D,0
106.542,-2.7356,327.4,1.1,1,2023-11-01,0656,Aqua,MODIS,76,61.03,299,15.3,D,0
106.5605,-2.7066,323.2,1.1,1,2023-11-01,0656,Aqua,MODIS,71,61.03,301.2,11.1,D,0
106.5512,-2.7079,318,1.1,1,2023-11-01,0656,Aqua,MODIS,45,61.03,300.5,5.5,D,0
106.6152,-2.6894,322.4,1.1,1,2023-11-01,0656,Aqua,MODIS,62,61.03,302.4,8.5,D,0
106.4662,-2.7109,329.5,1,1,2023-11-01,0656,Aqua,MODIS,80,61.03,300,19.3,D,0
106.4292,-2.7163,336.7,1,1,2023-11-01,0656,Aqua,MODIS,87,61.03,299.6,30,D,0
106.0878,-2.3419,315.7,1,1,2023-11-01,0656,Aqua,MODIS,64,61.03,298.5,4.8,D,0
105.9459,-2.215,319.8,1,1,2023-11-01,0657,Aqua,MODIS,62,61.03,299.4,9.6,D,0
106.8062,-2.9832,303.3,1,1,2023-11-02,1449,Terra,MODIS,49,61.03,288.7,4.4,N,0
106.797,-2.9844,303.9,1,1,2023-11-02,1449,Terra,MODIS,53,61.03,288.2,4.7,N,0
106.516,-2.8444,300.3,1.9,1.4,2023-11-04,1432,Terra,MODIS,24,61.03,279.9,9.2,N,0
106.761,-2.5659,328.6,1,1,2023-11-05,0254,Terra,MODIS,72,61.03,297.5,19.5,D,0
106.4982,-2.5462,320.2,1,1,2023-11-05,0254,Terra,MODIS,62,61.03,297.7,10,D,0
106.5071,-2.5475,325.5,1,1,2023-11-05,0254,Terra,MODIS,79,61.03,297.6,15.7,D,0
106.5279,-2.8616,314.1,1,1,2023-11-07,1456,Terra,MODIS,89,61.03,294.5,10.5,N,0
106.5189,-2.8431,305.6,1,1,2023-11-07,1456,Terra,MODIS,63,61.03,294.8,4.6,N,0
106.5101,-2.8443,317.1,1,1,2023-11-07,1456,Terra,MODIS,94,61.03,294.8,13.3,N,0
106.5265,-2.833,311.1,1,1,2023-11-07,1456,Terra,MODIS,82,61.03,295,8.1,N,0
106.3751,-2.7621000000000002,308,1,1,2023-11-07,1456,Terra,MODIS,73,61.03,293.4,6.6,N,0
106.5182,-2.8467,304.7,1.4,1.2,2023-11-07,1834,Aqua,MODIS,56,61.03,294.3,7.3,N,0
105.9442,-1.7188,311.8,2.1,1.4,2023-11-08,0317,Terra,MODIS,51,61.03,294.2,12.9,D,0
106.5413,-2.8635,310.1,2.4,1.5,2023-11-08,0318,Terra,MODIS,35,61.03,292.4,18.1,D,0
106.5362,-2.8595,312,2.4,1.5,2023-11-08,0318,Terra,MODIS,37,61.03,292.2,23.1,D,0
106.6302,-3.0529,318.4,1,1,2023-11-08,0653,Aqua,MODIS,67,61.03,301.1,8.1,D,0
106.6213,-3.0542,352.4,1,1,2023-11-08,0653,Aqua,MODIS,96,61.03,302.3,59.9,D,0
106.8435,-2.9382,317.9,1,1,2023-11-08,0653,Aqua,MODIS,66,61.03,302.4,7.9,D,0
106.4993,-2.924,319.4,1,1,2023-11-08,0653,Aqua,MODIS,68,61.03,299.7,10,D,0
106.5291,-2.8633,326.6,1,1,2023-11-08,0653,Aqua,MODIS,71,61.03,301.8,15.3,D,0
106.5354,-2.8442,325.8,1,1,2023-11-08,0653,Aqua,MODIS,55,61.03,302.8,13.2,D,0
106.5265,-2.8455,346.3,1,1,2023-11-08,0653,Aqua,MODIS,93,61.03,305.3,43.7,D,0
106.5341,-2.8353,322.1,1,1,2023-11-08,0653,Aqua,MODIS,58,61.03,301.8,9.5,D,0
106.5252,-2.8366,347.4,1,1,2023-11-08,0653,Aqua,MODIS,93,61.03,304.7,46.3,D,0
106.6048,-2.5952,320.4,1,1,2023-11-08,0653,Aqua,MODIS,70,61.03,302.4,8.1,D,0
106.5323,-2.5966,316.7,1,1,2023-11-08,0653,Aqua,MODIS,55,61.03,301.1,6.6,D,0
106.5234,-2.5979,316.1,1,1,2023-11-08,0653,Aqua,MODIS,61,61.03,301.4,6.1,D,0
106.5359,-2.8336,302.7,2.4,1.5,2023-11-08,1915,Aqua,MODIS,51,61.03,292.3,15.3,N,0
106.5371,-2.8381,304.7,1.4,1.2,2023-11-09,1439,Terra,MODIS,46,61.03,292.9,6.8,N,0
106.5247,-2.8398,310.6,1.4,1.2,2023-11-09,1439,Terra,MODIS,80,61.03,293.3,13.2,N,0
106.5233,-2.8294,306.1,1.4,1.2,2023-11-09,1439,Terra,MODIS,67,61.03,292.7,8.5,N,0
106.5305,-2.8318,310.7,1.4,1.2,2023-11-09,1439,Terra,MODIS,81,61.03,293,13.5,N,0
106.487,-2.746,303.2,1.4,1.2,2023-11-09,1439,Terra,MODIS,54,61.03,291.3,6.6,N,0
105.9426,-1.7151,314.7,1.1,1,2023-11-10,0301,Terra,MODIS,54,61.03,292.6,9.3,D,0
106.3955,-2.6377,326.4,1.2,1.1,2023-11-10,0301,Terra,MODIS,80,61.03,296.8,22.8,D,0
105.9625,-2.059,322.6,1.4,1.2,2023-11-10,0638,Aqua,MODIS,71,61.03,290,26.6,D,0
105.8712,-2.0615,318.7,1.5,1.2,2023-11-10,0638,Aqua,MODIS,66,61.03,292.6,18.9,D,0
105.9331,-1.9826,311.5,1.4,1.2,2023-11-10,0638,Aqua,MODIS,36,61.03,294,8.8,D,0
106.3292,-2.4563,315.8,1.3,1.1,2023-11-13,0704,Aqua,MODIS,42,61.03,294.4,7.5,D,0
106.3181,-2.4579,322.4,1.3,1.1,2023-11-13,0704,Aqua,MODIS,68,61.03,293.6,15.9,D,0
106.1583,-2.441,317.9,1.2,1.1,2023-11-13,0704,Aqua,MODIS,63,61.03,296.4,10.3,D,0
105.9565,-2.1715,311,1.4,1.2,2023-11-15,0308,Terra,MODIS,50,61.03,292.1,6.2,D,0
106.7415,-2.5841,328.3,1,1,2023-11-15,0649,Aqua,MODIS,83,61.03,286.4,18.8,D,0
106.4708,-2.8545,325.7,1,1,2023-11-15,0649,Aqua,MODIS,82,61.03,287,19.6,D,0
106.4618,-2.8558,309.6,1,1,2023-11-15,0649,Aqua,MODIS,58,61.03,284.4,5,D,0
106.2354,-2.8882,322,1,1,2023-11-15,0649,Aqua,MODIS,0,61.03,287.5,14.3,D,0
106.4217,-2.8146,306.7,1,1,2023-11-15,0649,Aqua,MODIS,43,61.03,276.3,4.5,D,0
106.7326,-2.5854,318.2,1,1,2023-11-15,0649,Aqua,MODIS,69,61.03,287,8.1,D,0
105.4156,-1.6511,315.6,1.1,1,2023-11-15,0649,Aqua,MODIS,68,61.03,298.7,5.8,D,0
105.7614,-2.0439,319.8,1,1,2023-11-15,0649,Aqua,MODIS,72,61.03,298.9,9,D,0
105.7707,-2.0426,319.6,1,1,2023-11-15,0649,Aqua,MODIS,72,61.03,298.8,9.1,D,0
106.1298,-2.2398,324.6,1,1,2023-11-15,0649,Aqua,MODIS,78,61.03,285.6,20.8,D,0
106.082,-2.4035,320.3,1,1,2023-11-15,0649,Aqua,MODIS,73,61.03,291.2,12.6,D,0
106.0911,-2.4021,317.1,1,1,2023-11-15,0649,Aqua,MODIS,68,61.03,291.6,9.2,D,0
106.0481,-2.4268,317.5,1,1,2023-11-15,0649,Aqua,MODIS,69,61.03,288.2,10,D,0
106.0572,-2.4255,334.2,1,1,2023-11-15,0649,Aqua,MODIS,86,61.03,289.4,29.9,D,0
106.0585,-2.4345,316.4,1,1,2023-11-15,0649,Aqua,MODIS,66,61.03,288.9,9.1,D,0
106.1593,-2.4471,314.7,1,1,2023-11-15,0649,Aqua,MODIS,61,61.03,292.3,6.4,D,0
106.556,-2.5376,318.1,1,1,2023-11-15,0649,Aqua,MODIS,65,61.03,287.9,10.2,D,0
106.1152,-2.6376,310.2,1,1,2023-11-15,0649,Aqua,MODIS,49,61.03,287.5,4.3,D,0
106.1974,-2.6259,312.6,1,1,2023-11-15,0649,Aqua,MODIS,54,61.03,290.4,4.8,D,0
106.1987,-2.6349,355.1,1,1,2023-11-15,0649,Aqua,MODIS,98,61.03,293.4,69.4,D,0
106.2078,-2.6336,328.9,1,1,2023-11-15,0649,Aqua,MODIS,83,61.03,292.3,21.1,D,0
106.2169,-2.6323,312.2,1,1,2023-11-15,0649,Aqua,MODIS,43,61.03,290.5,3.9,D,0
106.3425,-2.6692,323.3,1,1,2023-11-15,0649,Aqua,MODIS,71,61.03,292.2,14.6,D,0
106.5509,-2.8711,315,1.1,1.1,2023-11-20,0700,Aqua,MODIS,38,61.03,297.8,5.5,D,0
106.517,-2.8474,325.9,1.1,1.1,2023-11-20,0700,Aqua,MODIS,68,61.03,301.4,14.9,D,0
106.5164,-2.8135,328.1,1.1,1.1,2023-11-20,0700,Aqua,MODIS,78,61.03,301.4,17.8,D,0
106.362,-2.7882,327.7,1.1,1,2023-11-20,0700,Aqua,MODIS,80,61.03,299.3,20.6,D,0
106.3663,-2.7495,320.8,1.1,1,2023-11-20,0700,Aqua,MODIS,71,61.03,299,11.8,D,0
106.3565,-2.751,322.5,1.1,1,2023-11-20,0700,Aqua,MODIS,74,61.03,299,14.1,D,0
106.1242,-2.2986,324.7,1.1,1,2023-11-20,0700,Aqua,MODIS,78,61.03,296.6,16.5,D,0
105.9896,-1.5807,322.8,1,1,2023-11-29,0248,Terra,MODIS,76,61.03,296.3,14.9,D,0
105.9988,-1.5821,315.9,1,1,2023-11-29,0248,Terra,MODIS,61,61.03,297,7.8,D,0
105.9883,-1.5819,314,1.3,1.1,2023-11-29,0642,Aqua,MODIS,34,61.03,293,10.3,D,0
106.5164,-2.8389,306.1,1.2,1.1,2023-12-11,1504,Terra,MODIS,67,61.03,290.1,6.8,N,0
106.4286,-2.8094,308.6,1.9,1.3,2023-12-13,0633,Aqua,MODIS,51,61.03,282.9,9.4,D,0
106.0574,-2.3305,313.7,2,1.4,2023-12-13,0633,Aqua,MODIS,57,61.03,290.4,18.8,D,0
106.2143,-2.4244,323.1,1.9,1.3,2023-12-13,0633,Aqua,MODIS,69,61.03,287,40.9,D,0
106.0515,-2.3379,310.2,2,1.4,2023-12-13,0633,Aqua,MODIS,20,61.03,290.3,12.3,D,0
105.7722,-1.5543,315.2,1,1,2023-12-16,0659,Aqua,MODIS,58,61.03,288,9.6,D,0
106.4619,-2.489,335.2,1.2,1.1,2023-12-18,0643,Aqua,MODIS,66,61.03,297.1,36.2,D,0
106.3644,-2.5958,321.9,1.2,1.1,2023-12-18,0643,Aqua,MODIS,75,61.03,298,14.8,D,0
106.3658,-2.6056,320.1,1.2,1.1,2023-12-18,0643,Aqua,MODIS,59,61.03,297.7,12.6,D,0
106.4513,-2.4906,317.8,1.2,1.1,2023-12-18,0643,Aqua,MODIS,62,61.03,297.7,9.5,D,0
106.3537,-2.5974,327.3,1.2,1.1,2023-12-18,0643,Aqua,MODIS,80,61.03,297.7,23.2,D,0
